variete;parcelle;trait;arbre;uc.dep;EC1;EC2;EC3;EC4;EC5;ddeb;year;month;week;type;posit;diam;dsup;date.flo;fruits;pb;date.pb
cogshall;cly;T;7;1;0;;;;;07/07/2008;2008;7;28;F;A;4,8;NA;;NA;NA;
cogshall;cly;T;7;2;0;;;;;05/07/2007;2007;7;27;V;A;;NA;;NA;NA;
cogshall;cly;T;7;2;0;0;;;;03/11/2007;2007;11;44;V;A;;NA;;NA;NA;
cogshall;cly;T;7;3;0;;;;;07/07/2007;2007;7;27;V;A;;NA;;NA;NA;
cogshall;cly;T;7;2;0;0;0;;;11/06/2008;2008;6;24;F;A;6,4;NA;;1;NA;
cogshall;cly;T;7;3;0;0;0;;;22/06/2008;2008;6;26;F;A;6;NA;;NA;NA;
cogshall;cly;T;7;4;;;;;;20/10/2007;2007;10;42;F;L;;NA;;1;NA;
cogshall;cly;T;7;4;0;;;;;04/07/2008;2008;7;27;F;L;8,1;NA;;NA;NA;
cogshall;cly;T;7;5;;;;;;16/07/2007;2007;7;29;F;A;;NA;;NA;NA;
cogshall;cly;T;7;5;1;1;;;;24/06/2008;2008;6;26;F;A;3,7;NA;;NA;NA;
cogshall;cly;T;7;6;0;;;;;13/07/2008;2008;7;29;F;A;4,5;NA;;NA;NA;
cogshall;cly;T;7;7;0;;;;;31/10/2007;2007;10;44;V;A;5,3;NA;;NA;NA;
cogshall;cly;T;7;7;1;;;;;31/10/2007;2007;10;44;V;L;;NA;;NA;NA;
cogshall;cly;T;7;7;1;0;;;;27/06/2008;2008;6;26;F;A;4,9;NA;;NA;NA;
cogshall;cly;T;7;8;0;;;;;09/07/2007;2007;7;28;V;A;;NA;;NA;NA;
cogshall;cly;T;7;8;0;0;;;;25/10/2007;2007;10;43;V;A;;NA;;NA;NA;
cogshall;cly;T;7;8;0;0;;;;19/06/2008;2008;6;25;F;A;6,8;NA;;1;NA;
cogshall;cly;T;7;9;0;0;;;;15/06/2008;2008;6;25;F;A;7,4;NA;;NA;NA;
cogshall;cly;T;7;9;0;0;;;;21/06/2008;2008;6;25;F;L;;NA;;NA;NA;
cogshall;cly;T;7;9;0;0;;;;21/06/2008;2008;6;25;F;L;;NA;;NA;NA;
cogshall;cly;T;7;9;1;;;;;21/06/2008;2008;6;25;F;A;5,5;NA;;NA;NA;
cogshall;cly;T;7;10;0;;;;;05/07/2007;2007;7;27;V;A;4,8;NA;;NA;NA;
cogshall;cly;T;7;10;1;;;;;03/11/2007;2007;11;44;V;L;;NA;;NA;NA;
cogshall;cly;T;7;10;1;0;;;;29/06/2008;2008;6;27;F;A;6,7;NA;;NA;NA;
cogshall;cly;T;7;10;1;0;;;;03/07/2008;2008;7;27;F;L;7,1;NA;;1;NA;
cogshall;cly;T;7;10;2;;;;;03/11/2007;2007;11;44;V;L;;NA;;NA;NA;
cogshall;cly;T;7;10;2;0;;;;16/06/2008;2008;6;25;F;A;;NA;;1;NA;
cogshall;cly;T;7;10;2;0;;;;21/06/2008;2008;6;25;F;L;;NA;;NA;NA;
cogshall;cly;T;7;10;3;;;;;03/11/2007;2007;11;44;V;L;;NA;;NA;NA;
cogshall;cly;T;7;11;0;0;;;;19/06/2008;2008;6;25;F;A;5,8;NA;;NA;NA;
cogshall;cly;T;7;11;1;;;;;21/06/2008;2008;6;25;F;A;4,7;NA;;NA;NA;
cogshall;cly;T;7;12;0;0;;;;21/06/2008;2008;6;25;F;A;5,2;NA;;NA;NA;
cogshall;cly;T;7;13;0;;;;;16/07/2007;2007;7;29;V;A;;NA;;NA;NA;
cogshall;cly;T;7;13;1;;;;;31/10/2007;2007;10;44;V;L;;NA;;NA;NA;
cogshall;cly;T;7;13;1;0;;;;25/06/2008;2008;6;26;F;A;6,9;NA;;NA;NA;
cogshall;cly;T;7;13;2;;;;;31/10/2007;2007;10;44;V;L;;NA;;NA;NA;
cogshall;cly;T;7;13;2;0;;;;19/06/2008;2008;6;25;F;A;7,2;NA;;3;NA;
cogshall;cly;T;7;13;2;0;;;;21/06/2008;2008;6;25;F;L;;NA;;NA;NA;
cogshall;cly;T;7;13;2;0;;;;21/06/2008;2008;6;25;F;L;;NA;;NA;NA;
cogshall;cly;T;7;14;0;;;;;13/12/2007;2007;12;50;V;L;3,8;NA;;NA;NA;
cogshall;cly;T;7;15;;;;;;14/07/2007;2007;7;28;F;A;;NA;;NA;NA;
cogshall;cly;T;7;15;;;;;;13/10/2007;2007;10;41;F;L;6,7;NA;;1;NA;
cogshall;cly;T;7;15;1;;;;;21/10/2007;2007;10;43;V;L;;NA;;NA;NA;
cogshall;cly;T;7;16;;;;;;11/10/2008;2008;10;41;V;NA;7;NA;;NA;NA;
cogshall;cly;T;7;17;0;;;;;11/07/2007;2007;7;28;V;A;;NA;;NA;NA;
cogshall;cly;T;7;17;0;0;;;;11/12/2007;2007;12;50;V;A;5,1;NA;;NA;NA;
cogshall;cly;T;7;18;;;;;;NA;#VALEUR!;#VALEUR!;#VALEUR!;V;NA;;NA;;NA;P;27/12/2007
cogshall;cly;T;7;19;;;;;;14/10/2007;2007;10;42;F;L;;NA;;1;NA;
cogshall;cly;T;7;19;;;;;;19/10/2007;2007;10;42;F;L;;NA;;NA;NA;
cogshall;cly;T;7;20;0;;;;;13/07/2007;2007;7;28;V;A;;NA;;NA;NA;
cogshall;cly;T;7;20;;;;;;26/10/2007;2007;10;43;F;L;;NA;;NA;NA;
cogshall;cly;T;7;20;1;;;;;31/10/2007;2007;10;44;V;L;;NA;;NA;NA;
cogshall;cly;T;7;20;1;0;;;;21/06/2008;2008;6;25;F;A;4,8;NA;;NA;NA;
cogshall;cly;T;7;20;2;;;;;31/10/2007;2007;10;44;V;L;;NA;;NA;NA;
cogshall;cly;T;7;20;2;0;;;;12/06/2008;2008;6;24;F;A;9;NA;;NA;NA;
cogshall;cly;T;7;20;2;0;;;;16/06/2008;2008;6;25;F;L;;NA;;NA;NA;
cogshall;cly;T;7;20;2;0;;;;26/06/2008;2008;6;26;F;L;;NA;;NA;NA;
cogshall;cly;T;7;20;2;0;;;;21/06/2008;2008;6;25;F;L;;NA;;NA;NA;
cogshall;cly;T;7;20;2;0;1;;;13/03/2008;2008;3;11;V;L;4;NA;;NA;NA;
cogshall;cly;T;7;20;3;;;;;31/10/2007;2007;10;44;V;L;;NA;;NA;NA;
cogshall;cly;T;7;20;3;0;;;;13/06/2008;2008;6;24;F;A;6,9;NA;;NA;NA;
cogshall;cly;T;7;20;3;0;;;;19/06/2008;2008;6;25;F;L;;NA;;NA;NA;
cogshall;cly;T;7;20;3;0;;;;19/06/2008;2008;6;25;F;L;;NA;;NA;NA;
cogshall;cly;T;7;21;;;;;;21/10/2007;2007;10;43;F;L;;NA;;NA;NA;
cogshall;cly;T;7;21;0;;;;;11/07/2007;2007;7;28;V;A;;NA;;NA;NA;
cogshall;cly;T;7;21;1;;;;;20/10/2007;2007;10;42;V;L;;NA;;NA;NA;
cogshall;cly;T;7;22;0;;;;;13/12/2007;2007;12;50;V;L;5,9;NA;;NA;NA;
cogshall;cly;T;7;23;;;;;;NA;#VALEUR!;#VALEUR!;#VALEUR!;V;NA;4,9;NA;;NA;NA;
cogshall;cly;T;7;24;0;;;;;07/07/2007;2007;7;27;V;A;;NA;;NA;NA;
cogshall;cly;T;7;24;0;0;;;;25/06/2008;2008;6;26;F;A;4,7;NA;;NA;NA;
cogshall;cly;T;7;26;0;;;;;05/07/2007;2007;7;27;V;A;;NA;;NA;NA;
cogshall;cly;T;7;26;0;0;;;;03/11/2007;2007;11;44;V;A;;NA;;NA;NA;
cogshall;cly;T;7;26;0;0;0;;;18/06/2008;2008;6;25;F;A;8,7;NA;;NA;NA;
cogshall;cly;T;7;26;0;0;0;;;20/06/2008;2008;6;25;F;L;;NA;;NA;NA;
cogshall;cly;T;7;26;0;0;0;;;20/06/2008;2008;6;25;F;L;;NA;;NA;NA;
cogshall;cly;T;7;26;0;0;0;;;21/06/2008;2008;6;25;F;L;;NA;;NA;NA;
cogshall;cly;T;7;26;0;0;0;;;21/06/2008;2008;6;25;F;L;;NA;;NA;NA;
cogshall;cly;T;7;26;0;1;0;;;09/07/2008;2008;7;28;F;A;6,7;NA;;NA;NA;
cogshall;cly;T;7;26;0;1;0;;;24/06/2008;2008;6;26;F;L;;NA;;NA;NA;
cogshall;cly;T;7;26;0;1;0;;;09/07/2008;2008;7;28;F;L;;NA;;NA;NA;
cogshall;cly;T;7;26;0;2;0;;;21/06/2008;2008;6;25;F;A;9;NA;;NA;NA;
cogshall;cly;T;7;26;0;2;0;;;21/06/2008;2008;6;25;F;L;;NA;;NA;NA;
cogshall;cly;T;7;26;0;2;0;;;21/06/2008;2008;6;25;F;L;;NA;;NA;NA;
cogshall;cly;T;7;26;0;2;0;;;22/06/2008;2008;6;26;F;L;;NA;;NA;NA;
cogshall;cly;T;7;26;0;2;0;;;22/06/2008;2008;6;26;F;L;;NA;;NA;NA;
cogshall;cly;T;7;26;1;;;;;03/11/2007;2007;11;44;V;L;;NA;;NA;NA;
cogshall;cly;T;7;26;2;;;;;03/11/2007;2007;11;44;V;L;;NA;;NA;NA;
cogshall;cly;T;7;27;0;0;;;;22/06/2008;2008;6;26;F;A;7,3;NA;;NA;NA;
cogshall;cly;T;7;28;0;;;;;12/07/2007;2007;7;28;V;A;;NA;;NA;NA;
cogshall;cly;T;7;28;0;0;;;;25/10/2007;2007;10;43;V;A;;NA;;NA;NA;
cogshall;cly;T;7;28;0;1;;;;26/06/2008;2008;6;26;F;A;4;NA;;NA;NA;
cogshall;cly;T;7;28;0;2;;;;23/06/2008;2008;6;26;F;A;5,2;NA;;NA;NA;
cogshall;cly;T;7;28;1;;;;;25/10/2007;2007;10;43;V;L;;NA;;NA;NA;
cogshall;cly;T;7;28;1;0;;;;14/06/2008;2008;6;24;F;A;8,7;NA;;1;NA;
cogshall;cly;T;7;28;1;0;;;;16/06/2008;2008;6;25;F;L;;NA;;1;NA;
cogshall;cly;T;7;28;1;0;;;;17/06/2008;2008;6;25;F;L;;NA;;NA;NA;
cogshall;cly;T;7;28;1;0;;;;19/06/2008;2008;6;25;F;L;;NA;;NA;NA;
cogshall;cly;T;7;28;2;;;;;25/10/2007;2007;10;43;V;L;;NA;;NA;NA;
cogshall;cly;T;7;28;2;0;;;;09/06/2008;2008;6;24;F;A;7,9;NA;;NA;NA;
cogshall;cly;T;7;28;2;0;;;;11/06/2008;2008;6;24;F;L;;NA;;NA;NA;
cogshall;cly;T;7;28;2;0;;;;14/06/2008;2008;6;24;F;L;;NA;;NA;NA;
cogshall;cly;T;7;28;2;0;;;;19/06/2008;2008;6;25;F;L;;NA;;NA;NA;
cogshall;cly;T;7;28;3;;;;;25/10/2007;2007;10;43;V;L;;NA;;NA;NA;
cogshall;cly;T;7;29;0;;;;;13/12/2007;2007;12;50;V;L;7,9;NA;;NA;NA;
cogshall;cly;T;7;30;0;;;;;13/12/2007;2007;12;50;V;L;5,4;NA;;NA;NA;
cogshall;cly;T;7;31;;;;;;11/07/2007;2007;7;28;VF;A;;NA;;NA;NA;
cogshall;cly;T;7;31;0;;;;;12/07/2007;2007;7;28;V;L;4,4;NA;;NA;NA;
cogshall;cly;T;7;32;0;0;;;;24/06/2008;2008;6;26;F;A;;NA;;NA;NA;
cogshall;cly;T;7;33;0;;;;;20/10/2007;2007;10;42;V;A;8,9;NA;;NA;NA;
cogshall;cly;T;7;34;;;;;;15/10/2007;2007;10;42;F;A;8,9;NA;;3;NA;
cogshall;cly;T;7;35;;;;;;11/07/2007;2007;7;28;F;A;;NA;;NA;NA;
cogshall;cly;T;7;35;;;;;;12/10/2007;2007;10;41;F;L;;NA;;3;NA;
cogshall;cly;T;7;35;;;;;;12/10/2007;2007;10;41;F;L;;NA;;NA;NA;
cogshall;cly;T;7;36;0;;;;;06/09/2008;2008;9;36;F;A;5,5;NA;;NA;NA;
cogshall;cly;T;7;37;0;;;;;08/07/2007;2007;7;28;V;A;;NA;;NA;NA;
cogshall;cly;T;7;37;0;0;;;;22/08/2008;2008;8;34;F;A;6,7;NA;;NA;NA;
cogshall;cly;T;7;38;;;;;;18/10/2007;2007;10;42;F;A;8,5;NA;;2;NA;
cogshall;cly;T;7;39;;;;;;08/10/2007;2007;10;41;F;A;5,5;NA;;NA;NA;
cogshall;cly;T;7;40;0;0;;;;08/07/2008;2008;7;28;F;L;9,2;NA;;NA;NA;
cogshall;cly;T;7;40;1;;;;;03/11/2007;2007;11;44;V;L;;NA;;NA;NA;
cogshall;cly;T;7;41;0;;;;;18/07/2007;2007;7;29;V;A;;NA;;NA;NA;
cogshall;cly;T;7;40;;;;;;16/06/2008;2008;6;25;F;A;;NA;;NA;NA;
cogshall;cly;T;7;40;;;;;;19/06/2008;2008;6;25;F;L;;NA;;NA;NA;
cogshall;cly;T;7;41;;;;;;14/06/2008;2008;6;24;F;A;7;NA;;NA;NA;
cogshall;cly;T;7;41;;;;;;14/06/2008;2008;6;24;F;L;;NA;;NA;NA;
cogshall;cly;T;7;41;;;;;;14/06/2008;2008;6;24;F;L;;NA;;NA;NA;
cogshall;cly;T;7;41;;;;;;14/06/2008;2008;6;24;F;L;;NA;;NA;NA;
cogshall;cly;T;7;41;;;;;;14/06/2008;2008;6;24;F;L;;NA;;NA;NA;
cogshall;cly;T;7;42;;;;;;12/10/2007;2007;10;41;F;A;9,7;NA;;1;NA;
cogshall;cly;T;7;43;0;;;;;16/07/2007;2007;7;29;V;A;;NA;;NA;NA;
cogshall;cly;T;7;43;0;;;;;08/06/2008;2008;6;24;F;A;7,1;NA;;NA;NA;
cogshall;cly;T;7;43;0;;;;;08/06/2008;2008;6;24;F;L;;NA;;NA;NA;
cogshall;cly;T;7;43;0;;;;;08/06/2008;2008;6;24;F;L;;NA;;NA;NA;
cogshall;cly;T;7;43;0;;;;;08/06/2008;2008;6;24;F;L;;NA;;NA;NA;
cogshall;cly;T;7;44;0;;;;;05/07/2007;2007;7;27;V;A;;NA;;NA;NA;
cogshall;cly;T;7;44;0;0;0;;;20/10/2007;2007;10;42;V;A;;NA;;NA;NA;
cogshall;cly;T;7;44;0;0;0;;;12/06/2008;2008;6;24;F;A;6,2;NA;;1;NA;
cogshall;cly;T;7;45;;;;;;12/10/2007;2007;10;41;F;A;7,5;NA;;2;NA;
cogshall;cly;T;7;46;0;;;;;18/07/2007;2007;7;29;V;A;;NA;;NA;NA;
cogshall;cly;T;7;46;1;;;;;20/12/2007;2007;12;51;V;L;4,7;NA;;NA;NA;
cogshall;cly;T;7;47;0;;;;;06/07/2007;2007;7;27;V;A;;NA;;NA;NA;
cogshall;cly;T;7;47;0;0;0;;;24/06/2008;2008;6;26;F;A;9,2;NA;;NA;NA;
cogshall;cly;T;7;47;0;0;0;;;24/06/2008;2008;6;26;F;L;;NA;;NA;NA;
cogshall;cly;T;7;47;0;0;0;;;24/06/2008;2008;6;26;F;L;;NA;;NA;NA;
cogshall;cly;T;7;47;0;0;0;;;26/06/2008;2008;6;26;F;L;;NA;;NA;NA;
cogshall;cly;T;7;47;0;1;0;;;24/06/2008;2008;6;26;F;A;5,7;NA;;NA;NA;
cogshall;cly;T;7;47;0;2;;;;25/10/2007;2007;10;43;V;L;3,8;NA;;NA;NA;
cogshall;cly;T;7;47;0;3;0;;;21/06/2008;2008;6;25;F;A;6,7;NA;;NA;NA;
cogshall;cly;T;7;47;0;3;0;;;22/06/2008;2008;6;26;F;L;;NA;;NA;NA;
cogshall;cly;T;7;47;0;3;0;;;22/06/2008;2008;6;26;F;L;;NA;;NA;NA;
cogshall;cly;T;7;48;0;;;;;06/07/2007;2007;7;27;V;A;;NA;;NA;NA;
cogshall;cly;T;7;48;0;0;;;;31/10/2007;2007;10;44;V;A;10;NA;;NA;NA;
cogshall;cly;T;7;48;0;0;0;;;16/06/2008;2008;6;25;F;A;;NA;;NA;NA;
cogshall;cly;T;7;48;0;0;0;;;14/06/2008;2008;6;24;F;L;;NA;;NA;NA;
cogshall;cly;T;7;48;0;0;0;;;17/06/2008;2008;6;25;F;L;;NA;;NA;NA;
cogshall;cly;T;7;48;0;0;0;;;24/06/2008;2008;6;26;F;L;;NA;;NA;NA;
cogshall;cly;T;7;48;0;1;;;;13/12/2007;2007;12;50;V;L;4,1;NA;;NA;NA;
cogshall;cly;T;7;48;2;;;;;11/06/2008;2008;6;24;F;A;5;NA;;NA;NA;
cogshall;cly;T;7;49;0;;;;;08/11/2007;2007;11;45;V;L;6,2;NA;;NA;NA;
cogshall;cly;T;7;50;;;;;;28/06/2008;2008;6;26;F;L;5,5;NA;;NA;NA;
cogshall;cly;T;7;51;0;;;;;05/07/2007;2007;7;27;V;A;;NA;;NA;NA;
cogshall;cly;T;7;51;0;0;0;;;20/06/2008;2008;6;25;F;A;8,5;NA;;NA;NA;
cogshall;cly;T;7;51;0;0;0;;;20/06/2008;2008;6;25;F;L;;NA;;NA;NA;
cogshall;cly;T;7;51;0;3;0;;;12/06/2008;2008;6;24;F;A;7,2;NA;;NA;NA;
cogshall;cly;T;7;51;0;3;0;;;14/06/2008;2008;6;24;F;L;;NA;;1;NA;
cogshall;cly;T;7;51;0;3;0;;;14/06/2008;2008;6;24;F;L;;NA;;1;NA;
cogshall;cly;T;7;51;0;1;0;;;09/06/2008;2008;6;24;F;A;7,6;NA;;NA;NA;
cogshall;cly;T;7;51;0;1;0;;;14/06/2008;2008;6;24;F;L;;NA;;NA;NA;
cogshall;cly;T;7;51;0;2;;;;23/06/2008;2008;6;26;F;A;3,1;NA;;NA;NA;
cogshall;cly;T;7;52;0;;;;;25/10/2007;2007;10;43;V;A;;NA;;NA;NA;
cogshall;cly;T;7;52;0;0;;;;26/06/2008;2008;6;26;F;A;7;NA;;NA;NA;
cogshall;cly;T;7;52;0;0;;;;03/07/2008;2008;7;27;F;L;;NA;;1;NA;
cogshall;cly;T;7;52;0;0;;;;03/07/2008;2008;7;27;F;L;;NA;;NA;NA;
cogshall;cly;T;7;52;0;0;;;;03/07/2008;2008;7;27;F;L;;NA;;NA;NA;
cogshall;cly;T;7;52;0;0;;;;03/07/2008;2008;7;27;F;L;;NA;;NA;NA;
cogshall;cly;T;7;53;0;;;;;21/10/2007;2007;10;43;V;A;;NA;;NA;NA;
cogshall;cly;T;7;53;0;0;;;;26/06/2008;2008;6;26;F;A;7,2;NA;;1;NA;
cogshall;cly;T;7;54;0;0;;;;27/06/2008;2008;6;26;F;L;4,9;NA;;NA;NA;
cogshall;cly;T;7;54;0;1;0;;;09/07/2008;2008;7;28;F;L;4,6;NA;;NA;NA;
cogshall;cly;T;7;54;0;1;0;;;09/07/2008;2008;7;28;F;L;;NA;;NA;NA;
cogshall;cly;T;7;54;0;1;0;;;26/06/2008;2008;6;26;F;L;;NA;;NA;NA;
cogshall;cly;T;7;54;0;1;0;;;09/07/2008;2008;7;28;F;L;;NA;;NA;NA;
cogshall;cly;T;7;54;0;1;0;;;09/07/2008;2008;7;28;F;L;;NA;;NA;NA;
cogshall;cly;T;7;54;0;2;0;;;11/07/2008;2008;7;28;F;L;6;NA;;NA;NA;
cogshall;cly;T;7;54;0;2;0;;;11/07/2008;2008;7;28;F;L;;NA;;NA;NA;
cogshall;cly;T;7;54;0;2;0;;;11/07/2008;2008;7;28;F;L;;NA;;NA;NA;
cogshall;cly;T;7;54;0;2;0;;;11/07/2008;2008;7;28;F;L;;NA;;NA;NA;
cogshall;cly;T;7;54;0;2;0;;;11/07/2008;2008;7;28;F;L;;NA;;NA;NA;
cogshall;cly;T;7;54;1;;;;;31/10/2007;2007;10;44;V;L;;NA;;NA;NA;
cogshall;cly;T;7;54;2;;;;;31/10/2007;2007;10;44;V;L;;NA;;NA;NA;
cogshall;cly;T;7;54;3;;;;;31/10/2007;2007;10;44;V;L;;NA;;NA;NA;
cogshall;cly;T;7;55;0;0;;;;06/07/2008;2008;7;28;F;A;4,9;NA;;NA;NA;
cogshall;cly;T;7;56;0;;;;;04/07/2007;2007;7;27;V;A;;NA;;NA;NA;
cogshall;cly;T;7;56;0;0;0;;;28/06/2008;2008;6;26;F;A;9,4;NA;;NA;NA;
cogshall;cly;T;7;56;0;0;0;;;21/06/2008;2008;6;25;F;L;;NA;;NA;NA;
cogshall;cly;T;7;56;0;0;0;;;21/06/2008;2008;6;25;F;L;;NA;;NA;NA;
cogshall;cly;T;7;56;0;0;0;;;30/06/2008;2008;6;27;F;L;;NA;;NA;NA;
cogshall;cly;T;7;56;0;0;0;;;30/06/2008;2008;6;27;F;L;;NA;;NA;NA;
cogshall;cly;T;7;56;0;0;0;;;30/06/2008;2008;6;27;F;L;;NA;;NA;NA;
cogshall;cly;T;7;56;0;1;0;;;21/06/2008;2008;6;25;F;A;7,3;NA;;NA;NA;
cogshall;cly;T;7;56;0;1;0;;;21/06/2008;2008;6;25;F;L;;NA;;NA;NA;
cogshall;cly;T;7;56;0;1;0;;;21/06/2008;2008;6;25;F;L;;NA;;NA;NA;
cogshall;cly;T;7;56;2;;;;;02/06/2008;2008;6;23;F;A;3,1;NA;;NA;NA;
cogshall;cly;T;7;57;;;;;;NA;#VALEUR!;#VALEUR!;#VALEUR!;V;NA;6,2;NA;;NA;NA;
cogshall;cly;T;7;58;0;;;;;06/07/2007;2007;7;27;V;A;;NA;;NA;NA;
cogshall;cly;T;7;58;0;1;;;;25/10/2007;2007;10;43;V;L;3,1;NA;;NA;NA;
cogshall;cly;T;7;58;0;0;;;;03/11/2007;2007;11;44;V;A;;NA;;NA;NA;
cogshall;cly;T;7;58;0;0;0;;;13/12/2007;2007;12;50;V;A;7,2;NA;;NA;NA;
cogshall;cly;T;7;58;0;2;0;0;;27/08/2008;2008;8;35;F;L;9,1;NA;;NA;NA;
cogshall;cly;T;7;58;0;2;0;0;;27/08/2008;2008;8;35;F;L;;NA;;NA;NA;
cogshall;cly;T;7;58;0;2;0;0;;28/08/2008;2008;8;35;F;L;;NA;;NA;NA;
cogshall;cly;T;7;58;0;2;0;1;;22/08/2008;2008;8;34;F;A;;NA;;NA;NA;
cogshall;cly;T;7;58;0;2;0;2;;01/09/2008;2008;9;36;F;A;;NA;;2;NA;
cogshall;cly;T;7;58;0;2;0;3;;23/08/2008;2008;8;34;F;A;5,3;NA;;NA;NA;
cogshall;cly;T;7;58;1;;;;;03/11/2007;2007;11;44;V;L;;NA;;NA;NA;
cogshall;cly;T;7;59;;;;;;19/06/2008;2008;6;25;F;L;4,8;NA;;NA;NA;
cogshall;cly;T;7;59;0;;;;;18/07/2007;2007;7;29;V;A;;NA;;NA;NA;
cogshall;cly;T;7;60;;;;;;NA;#VALEUR!;#VALEUR!;#VALEUR!;V;NA;4,4;NA;;NA;NA;
cogshall;cly;T;3;1;;;;;;NA;#VALEUR!;#VALEUR!;#VALEUR!;V;NA;7,1;NA;;NA;NA;
cogshall;cly;T;3;2;;;;;;NA;#VALEUR!;#VALEUR!;#VALEUR!;V;NA;6,6;NA;;NA;NA;
cogshall;cly;T;3;3;;;;;;NA;#VALEUR!;#VALEUR!;#VALEUR!;V;NA;4,8;NA;;NA;NA;
cogshall;cly;T;3;4;;;;;;NA;#VALEUR!;#VALEUR!;#VALEUR!;V;NA;5,2;NA;;NA;NA;
cogshall;cly;T;3;5;1;;;;;24/08/2008;2008;8;35;F;A;5,2;NA;;1;NA;
cogshall;cly;T;3;6;1;;;;;24/08/2008;2008;8;35;F;A;3,7;NA;;NA;NA;
cogshall;cly;T;3;6;2;;;;;30/08/2008;2008;8;35;F;A;3,4;NA;;NA;NA;
cogshall;cly;T;3;6;3;;;;;14/08/2008;2008;8;33;F;A;3,5;NA;;NA;NA;
cogshall;cly;T;3;7;;;;;;20/06/2008;2008;6;25;F;L;3,9;NA;;NA;NA;
cogshall;cly;T;3;7;;;;;;21/06/2008;2008;6;25;F;L;;NA;;NA;NA;
cogshall;cly;T;3;7;;;;;;30/08/2008;2008;8;35;F;L;;NA;;NA;NA;
cogshall;cly;T;3;8;;;;;;03/07/2008;2008;7;27;F;L;9,4;NA;;NA;NA;
cogshall;cly;T;3;9;1;;;;;11/09/2008;2008;9;37;F;A;9;NA;;NA;NA;
cogshall;cly;T;3;10;;;;;;30/08/2008;2008;8;35;F;L;9,2;NA;;NA;NA;
cogshall;cly;T;3;11;1;0;0;;;30/08/2008;2008;8;35;F;A;7,7;NA;;NA;NA;
cogshall;cly;T;3;11;1;0;0;;;22/08/2008;2008;8;34;F;A;;NA;;1;NA;
cogshall;cly;T;3;11;1;0;0;;;18/08/2008;2008;8;34;F;A;;NA;15/09/2008;NA;NA;
cogshall;cly;T;3;11;1;0;1;;;30/08/2008;2008;8;35;F;A;4,8;NA;;NA;NA;
cogshall;cly;T;3;11;1;0;2;;;07/09/2008;2008;9;37;F;A;5,1;NA;;NA;NA;
cogshall;cly;T;3;11;2;;;;;21/08/2008;2008;8;34;F;A;5,2;NA;;NA;NA;
cogshall;cly;T;3;11;3;;;;;20/08/2008;2008;8;34;F;A;7,5;NA;;1;NA;
cogshall;cly;T;3;11;3;;;;;22/08/2008;2008;8;34;F;L;;NA;;NA;NA;
cogshall;cly;T;3;12;1;;;;;21/02/2008;2008;2;8;V;L;3;NA;;NA;NA;
cogshall;cly;T;3;13;;;;;;03/09/2008;2008;9;36;F;L;5,8;NA;;NA;NA;
cogshall;cly;T;3;13;;;;;;01/09/2008;2008;9;36;F;L;;NA;;NA;NA;
cogshall;cly;T;3;14;;;;;;22/08/2008;2008;8;34;F;L;5,6;NA;;1;NA;
cogshall;cly;T;3;14;;;;;;21/08/2008;2008;8;34;F;L;;NA;;NA;NA;
cogshall;cly;T;3;15;1;0;;;;31/07/2008;2008;7;31;F;A;4,9;NA;;1;NA;
cogshall;cly;T;3;15;2;0;0;;;11/08/2008;2008;8;33;F;A;5,8;NA;;1;NA;
cogshall;cly;T;3;15;3;0;;;;02/08/2008;2008;8;31;F;A;4,3;NA;;1;NA;
cogshall;cly;T;3;15;4;;;;;11/10/2007;2007;10;41;V;L;3,1;NA;;NA;NA;
cogshall;cly;T;3;15;5;0;;;;30/07/2008;2008;7;31;F;A;5,6;NA;;1;NA;
cogshall;cly;T;3;15;6;;;;;11/10/2007;2007;10;41;V;L;3,2;NA;;NA;NA;
cogshall;cly;T;3;16;;;;;;24/07/2007;2007;7;30;F;A;;NA;;NA;NA;
cogshall;cly;T;3;16;;;;;;22/10/2007;2007;10;43;FV;L;;NA;;NA;NA;
cogshall;cly;T;3;16;1;;;;;NA;#VALEUR!;#VALEUR!;#VALEUR!;V;NA;2,4;NA;;NA;NA;
cogshall;cly;T;3;16;2;;;;;18/08/2008;2008;8;34;F;A;3;NA;;NA;NA;
cogshall;cly;T;3;16;3;;;;;19/08/2008;2008;8;34;F;A;3,5;NA;;NA;NA;
cogshall;cly;T;3;16;4;;;;;17/08/2008;2008;8;34;F;A;3,2;NA;;NA;NA;
cogshall;cly;T;3;17;;;;;;31/07/2007;2007;7;31;F;A;6,1;NA;;NA;NA;
cogshall;cly;T;3;17;;;;;;03/10/2007;2007;10;40;F;L;;NA;;1;NA;
cogshall;cly;T;3;17;;;;;;05/10/2007;2007;10;40;F;L;;NA;;1;NA;
cogshall;cly;T;3;17;;;;;;06/10/2007;2007;10;40;F;L;;NA;;NA;NA;
cogshall;cly;T;3;17;;;;;;06/10/2007;2007;10;40;F;L;;NA;;NA;NA;
cogshall;cly;T;3;18;;;;;;24/07/2007;2007;7;30;F;A;;NA;;NA;NA;
cogshall;cly;T;3;18;;;;;;12/10/2007;2007;10;41;F;L;;NA;;NA;NA;
cogshall;cly;T;3;18;;;;;;12/10/2007;2007;10;41;F;L;;NA;;NA;NA;
cogshall;cly;T;3;18;;;;;;13/10/2007;2007;10;41;F;L;;NA;;NA;NA;
cogshall;cly;T;3;18;;;;;;19/10/2007;2007;10;42;F;L;;NA;;NA;NA;
cogshall;cly;T;3;18;1;;;;;17/01/2008;2008;1;3;V;L;2,9;NA;;NA;NA;
cogshall;cly;T;3;19;;;;;;NA;#VALEUR!;#VALEUR!;#VALEUR!;V;NA;;NA;;NA;S;18/09/2008
cogshall;cly;T;3;20;0;0;0;;;NA;#VALEUR!;#VALEUR!;#VALEUR!;V;NA;4,3;NA;;NA;NA;
cogshall;cly;T;3;21;1;;;;;07/08/2008;2008;8;32;F;A;3,4;NA;;NA;NA;
cogshall;cly;T;3;22;0;;;;;20/10/2007;2007;10;42;V;A;;NA;;NA;NA;
cogshall;cly;T;3;22;0;0;;;;13/12/2007;2007;12;50;V;A;6,2;NA;;NA;NA;
cogshall;cly;T;3;23;;;;;;30/06/2008;2008;6;27;F;L;4,2;NA;;NA;NA;
cogshall;cly;T;3;24;;;;;;20/10/2007;2007;10;42;VF;A;;NA;;NA;NA;
cogshall;cly;T;3;24;0;0;;;;08/08/2008;2008;8;32;F;A;4,8;NA;;NA;NA;
cogshall;cly;T;3;25;;;;;;25/07/2007;2007;7;30;F;A;;NA;;NA;NA;
cogshall;cly;T;3;25;1;0;;;;21/07/2008;2008;7;30;F;A;4,5;NA;;NA;NA;
cogshall;cly;T;3;25;2;0;;;;24/07/2008;2008;7;30;F;A;4,9;NA;;1;NA;
cogshall;cly;T;3;26;;;;;;09/10/2007;2007;10;41;F;A;;NA;;NA;NA;
cogshall;cly;T;3;26;1;;;;;21/07/2008;2008;7;30;F;A;4,5;NA;;NA;NA;
cogshall;cly;T;3;27;;;;;;11/07/2007;2007;7;28;F;A;;NA;;NA;NA;
cogshall;cly;T;3;27;1;;;;;22/10/2007;2007;10;43;V;L;;NA;;NA;NA;
cogshall;cly;T;3;27;1;0;0;;;26/06/2008;2008;6;26;F;A;7,3;NA;;NA;NA;
cogshall;cly;T;3;27;2;;;;;31/10/2007;2007;10;44;V;L;;NA;;NA;NA;
cogshall;cly;T;3;27;2;0;0;;;28/06/2008;2008;6;26;F;A;5;NA;;NA;NA;
cogshall;cly;T;3;27;3;;;;;31/10/2007;2007;10;44;V;L;;NA;;NA;NA;
cogshall;cly;T;3;27;3;0;0;;;11/06/2008;2008;6;24;F;A;7,4;NA;;NA;NA;
cogshall;cly;T;3;27;3;0;0;;;13/06/2008;2008;6;24;F;L;;NA;;NA;NA;
cogshall;cly;T;3;28;;;;;;11/07/2007;2007;7;28;F;A;;NA;;NA;NA;
cogshall;cly;T;3;28;1;;;;;31/10/2007;2007;10;44;V;L;2,8;NA;;NA;NA;
cogshall;cly;T;3;28;1;;;;;08/08/2008;2008;8;32;F;A;;NA;;NA;NA;
cogshall;cly;T;3;28;2;;;;;31/10/2007;2007;10;44;V;L;;NA;;NA;NA;
cogshall;cly;T;3;28;2;0;0;;;NA;#VALEUR!;#VALEUR!;#VALEUR!;V;NA;6,6;NA;;NA;NA;
cogshall;cly;T;3;28;3;;;;;31/10/2007;2007;10;44;V;L;;NA;;NA;NA;
cogshall;cly;T;3;28;3;0;0;;;10/01/2008;2008;1;2;V;L;6,8;NA;;NA;NA;
cogshall;cly;T;3;28;4;;;;;31/10/2007;2007;10;44;V;L;;NA;;NA;NA;
cogshall;cly;T;3;28;4;;;;;12/10/2007;2007;10;41;V;L;3;NA;;NA;NA;
cogshall;cly;T;3;28;5;;;;;31/10/2007;2007;10;44;V;L;;NA;;NA;NA;
cogshall;cly;T;3;28;5;0;;;;10/01/2008;2008;1;2;V;L;3,8;NA;;NA;NA;
cogshall;cly;T;3;29;;;;;;15/10/2007;2007;10;42;F;A;;NA;;NA;NA;
cogshall;cly;T;3;29;;;;;;17/08/2008;2008;8;34;F;L;6,2;NA;;NA;NA;
cogshall;cly;T;3;30;;;;;;21/10/2007;2007;10;43;FV;A;4,4;NA;;NA;S;20/11/2008
cogshall;cly;T;3;31;;;;;;19/10/2007;2007;10;42;VF;A;;NA;;NA;NA;
cogshall;cly;T;3;31;0;;;;;24/01/2008;2008;1;4;V;A;6,3;NA;;NA;NA;
cogshall;cly;T;3;32;;;;;;20/10/2007;2007;10;42;F;A;6,3;NA;;2;NA;
cogshall;cly;T;3;33;0;;;;;20/10/2007;2007;10;42;V;A;;NA;;NA;NA;
cogshall;cly;T;3;33;0;;;;;14/08/2008;2008;8;33;F;A;5;NA;;NA;NA;
cogshall;cly;T;3;33;0;;;;;14/08/2008;2008;8;33;F;L;;NA;;1;NA;
cogshall;cly;T;3;34;;;;;;24/10/2007;2007;10;43;FV;A;;NA;;NA;NA;
cogshall;cly;T;3;34;0;;;;;11/10/2007;2007;10;41;V;A;3,3;NA;;NA;NA;
cogshall;cly;T;3;35;;;;;;NA;#VALEUR!;#VALEUR!;#VALEUR!;V;NA;4,7;NA;;NA;NA;
cogshall;cly;T;3;36;;;;;;16/10/2007;2007;10;42;F;A;;NA;;1;NA;
cogshall;cly;T;3;36;;;;;;15/08/2008;2008;8;33;F;L;7,3;NA;;NA;NA;
cogshall;cly;T;3;37;;;;;;21/10/2007;2007;10;43;VF;A;;NA;;NA;NA;
cogshall;cly;T;3;37;0;0;0;;;14/02/2008;2008;2;7;V;A;4,9;NA;;NA;NA;
cogshall;cly;T;3;38;;;;;;01/08/2007;2007;8;31;F;A;;NA;;NA;NA;
cogshall;cly;T;3;38;;;;;;18/08/2008;2008;8;34;F;L;;NA;;NA;NA;
cogshall;cly;T;3;38;1;;;;;24/10/2007;2007;10;43;V;L;3,3;NA;;NA;NA;
cogshall;cly;T;3;38;2;;;;;24/10/2007;2007;10;43;V;L;4;NA;;NA;NA;
cogshall;cly;T;3;39;0;;;;;31/10/2007;2007;10;44;V;A;;NA;;NA;NA;
cogshall;cly;T;3;39;0;;;;;15/08/2008;2008;8;33;F;A;3,7;NA;;NA;NA;
cogshall;cly;T;3;40;;;;;;20/10/2007;2007;10;42;F;A;6;NA;;1;NA;
cogshall;cly;T;3;41;;;;;;31/07/2007;2007;7;31;F;A;;NA;;NA;NA;
cogshall;cly;T;3;41;;;;;;19/10/2007;2007;10;42;F;L;;NA;;NA;NA;
cogshall;cly;T;3;41;;;;;;19/10/2007;2007;10;42;F;L;;NA;;NA;NA;
cogshall;cly;T;3;41;;;;;;19/10/2007;2007;10;42;F;L;;NA;;NA;NA;
cogshall;cly;T;3;41;;;;;;18/08/2008;2008;8;34;F;L;;NA;;NA;NA;
cogshall;cly;T;3;41;;;;;;17/08/2008;2008;8;34;F;L;;NA;;NA;NA;
cogshall;cly;T;3;41;;;;;;17/08/2008;2008;8;34;F;L;;NA;;NA;NA;
cogshall;cly;T;3;41;1;;;;;18/08/2008;2008;8;34;F;A;5,4;NA;;NA;NA;
cogshall;cly;T;3;41;1;;;;;19/08/2008;2008;8;34;F;L;;NA;;NA;NA;
cogshall;cly;T;3;41;1;;;;;17/08/2008;2008;8;34;F;L;;NA;;NA;NA;
cogshall;cly;T;3;42;;;;;;11/06/2008;2008;6;24;F;A;3,7;NA;;NA;NA;
cogshall;cly;T;3;43;;;;;;21/10/2007;2007;10;43;F;A;;NA;;1;NA;
cogshall;cly;T;3;43;;;;;;06/08/2008;2008;8;32;F;L;6,2;NA;;NA;NA;
cogshall;cly;T;3;43;;;;;;18/08/2008;2008;8;34;F;L;;NA;;NA;NA;
cogshall;cly;T;3;44;;;;;;22/10/2007;2007;10;43;F;A;4,4;NA;;NA;NA;
cogshall;cly;T;3;45;;;;;;04/08/2007;2007;8;31;F;A;;NA;;NA;NA;
cogshall;cly;T;3;45;;;;;;11/10/2007;2007;10;41;F;L;;NA;;NA;NA;
cogshall;cly;T;3;45;;;;;;20/10/2007;2007;10;42;F;L;;NA;;NA;NA;
cogshall;cly;T;3;45;;;;;;18/06/2008;2008;6;25;F;L;7,7;NA;;NA;NA;
cogshall;cly;T;3;45;;;;;;16/06/2008;2008;6;25;F;L;;NA;;NA;NA;
cogshall;cly;T;3;45;;;;;;24/06/2008;2008;6;26;F;L;;NA;;NA;NA;
cogshall;cly;T;3;46;;;;;;11/08/2008;2008;8;33;F;L;;NA;;NA;NA;
cogshall;cly;T;3;46;1;;;;;22/10/2007;2007;10;43;V;L;5,5;NA;;NA;NA;
cogshall;cly;T;3;46;2;;;;;23/10/2007;2007;10;43;V;L;3,3;NA;;NA;NA;
cogshall;cly;T;3;46;3;;;;;23/10/2007;2007;10;43;V;L;;NA;;NA;NA;
cogshall;cly;T;3;47;0;;;;;03/11/2007;2007;11;44;V;A;;NA;;NA;NA;
cogshall;cly;T;3;47;0;;;;;10/08/2008;2008;8;33;F;A;5,9;NA;;NA;NA;
cogshall;cly;T;3;47;1;;;;;13/12/2007;2007;12;50;V;L;2,6;NA;;NA;NA;
cogshall;cly;T;3;48;;;;;;22/07/2007;2007;7;30;F;A;5,3;NA;;NA;NA;
cogshall;cly;T;3;48;;;;;;22/10/2007;2007;10;43;F;L;;NA;;NA;NA;
cogshall;cly;T;3;48;;;;;;24/10/2007;2007;10;43;F;L;;NA;;NA;NA;
cogshall;cly;T;3;48;;;;;;24/10/2007;2007;10;43;F;L;;NA;;NA;NA;
cogshall;cly;T;3;48;;;;;;24/10/2007;2007;10;43;F;L;;NA;;NA;NA;
cogshall;cly;T;3;49;;;;;;31/07/2007;2007;7;31;F;A;;NA;;NA;NA;
cogshall;cly;T;3;49;1;;;;;03/11/2007;2007;11;44;V;L;;NA;;NA;NA;
cogshall;cly;T;3;49;2;;;;;03/11/2007;2007;11;44;V;L;;NA;;NA;NA;
cogshall;cly;T;3;49;2;;;;;15/08/2008;2008;8;33;F;A;3,8;NA;;1;NA;
cogshall;cly;T;3;49;3;;;;;03/11/2007;2007;11;44;V;L;;NA;;NA;NA;
cogshall;cly;T;3;49;4;;;;;03/11/2007;2007;11;44;V;L;;NA;;NA;NA;
cogshall;cly;T;3;50;;;;;;02/08/2007;2007;8;31;F;A;;NA;;NA;NA;
cogshall;cly;T;3;50;;;;;;14/06/2008;2008;6;24;F;L;4,8;NA;;NA;NA;
cogshall;cly;T;3;50;;;;;;14/06/2008;2008;6;24;F;L;;NA;;NA;NA;
cogshall;cly;T;3;50;;;;;;12/06/2008;2008;6;24;F;L;;NA;;NA;NA;
cogshall;cly;T;3;51;;;;;;22/07/2007;2007;7;30;F;A;;NA;;NA;NA;
cogshall;cly;T;3;51;;;;;;31/10/2007;2007;10;44;FV;L;;NA;;NA;NA;
cogshall;cly;T;3;51;1;0;;;;03/08/2008;2008;8;32;F;A;6,6;NA;;1;NA;
cogshall;cly;T;3;52;;;;;;17/07/2007;2007;7;29;F;A;;NA;;NA;NA;
cogshall;cly;T;3;52;;;;;;16/10/2007;2007;10;42;F;L;;NA;;2;NA;
cogshall;cly;T;3;52;1;;;;;20/10/2007;2007;10;42;V;L;3,5;NA;;NA;NA;
cogshall;cly;T;3;52;2;;;;;20/10/2007;2007;10;42;V;L;4,6;NA;;NA;NA;
cogshall;cly;T;3;52;3;;;;;20/10/2007;2007;10;42;V;L;4;NA;;NA;NA;
cogshall;cly;T;3;53;;;;;;14/07/2007;2007;7;28;F;L;;NA;;NA;NA;
cogshall;cly;T;3;53;;;;;;15/07/2007;2007;7;29;F;L;;NA;;NA;NA;
cogshall;cly;T;3;53;1;;;;;24/10/2007;2007;10;43;V;L;;NA;;NA;NA;
cogshall;cly;T;3;53;1;0;;;;04/08/2008;2008;8;32;F;A;4,4;NA;;NA;NA;
cogshall;cly;T;3;53;2;;;;;24/10/2007;2007;10;43;V;L;;NA;;NA;NA;
cogshall;cly;T;3;53;2;0;0;;;02/08/2008;2008;8;31;F;A;7,1;NA;;3;NA;
cogshall;cly;T;3;54;;;;;;04/10/2007;2007;10;40;F;A;5,4;NA;;2;NA;
cogshall;cly;T;3;55;;;;;;24/07/2007;2007;7;30;F;A;8,9;NA;;NA;NA;
cogshall;cly;T;3;55;;;;;;11/10/2007;2007;10;41;F;L;;NA;;1;NA;
cogshall;cly;T;3;55;;;;;;20/10/2007;2007;10;42;FV;L;;NA;;NA;NA;
cogshall;cly;T;3;56;;;;;;24/07/2007;2007;7;30;F;A;3,3;NA;;NA;NA;
cogshall;cly;T;3;57;;;;;;15/07/2007;2007;7;29;F;A;;NA;;NA;NA;
cogshall;cly;T;3;57;1;;;;;20/10/2007;2007;10;42;V;L;5,1;NA;;NA;NA;
cogshall;cly;T;3;57;2;;;;;20/10/2007;2007;10;42;V;L;4;NA;;NA;NA;
cogshall;cly;T;3;57;3;;;;;28/08/2008;2008;8;35;F;A;3,2;NA;;NA;NA;
cogshall;cly;T;3;58;;;;;;25/07/2007;2007;7;30;F;A;;NA;;NA;NA;
cogshall;cly;T;3;58;;;;;;19/08/2008;2008;8;34;F;L;5,2;NA;;NA;NA;
cogshall;cly;T;3;59;;;;;;23/07/2007;2007;7;30;F;A;4,6;NA;;NA;NA;
cogshall;cly;T;3;60;0;;;;;20/10/2007;2007;10;42;V;A;;NA;;NA;NA;
cogshall;cly;T;3;60;0;0;0;;;20/07/2008;2008;7;30;F;A;8;NA;;NA;NA;
cogshall;cly;T;3;60;0;0;0;;;20/07/2008;2008;7;30;F;L;;NA;;NA;NA;
cogshall;cly;T;3;60;0;0;0;;;04/08/2008;2008;8;32;F;L;;NA;;NA;NA;
cogshall;cly;T;20;1;;;;;;15/07/2007;2007;7;29;F;A;;NA;;NA;NA;
cogshall;cly;T;20;1;;;;;;17/09/2007;2007;9;38;F;L;;NA;;NA;NA;
cogshall;cly;T;20;1;;;;;;17/09/2007;2007;9;38;F;L;;NA;;NA;NA;
cogshall;cly;T;20;1;;;;;;17/09/2007;2007;9;38;F;L;;NA;;NA;NA;
cogshall;cly;T;20;1;1;;;;;28/02/2008;2008;2;9;V;L;5,6;NA;;NA;NA;
cogshall;cly;T;20;1;2;;;;;28/02/2008;2008;2;9;V;L;3,9;NA;;NA;NA;
cogshall;cly;T;20;1;2;;;;;15/09/2008;2008;9;38;F;A;;NA;;NA;NA;
cogshall;cly;T;20;1;3;;;;;28/02/2008;2008;2;9;V;L;2,9;NA;;NA;NA;
cogshall;cly;T;20;2;;;;;;17/07/2007;2007;7;29;F;A;;NA;;NA;NA;
cogshall;cly;T;20;2;;;;;;18/09/2007;2007;9;38;F;L;;NA;;1;NA;
cogshall;cly;T;20;2;;;;;;20/09/2007;2007;9;38;F;L;;NA;;NA;NA;
cogshall;cly;T;20;2;;;;;;20/09/2007;2007;9;38;F;L;;NA;;NA;NA;
cogshall;cly;T;20;2;;;;;;20/09/2007;2007;9;38;F;L;;NA;;NA;NA;
cogshall;cly;T;20;2;;;;;;30/06/2008;2008;6;27;F;L;4,5;NA;;NA;NA;
cogshall;cly;T;20;2;1;;;;;03/09/2008;2008;9;36;F;A;3,9;NA;;NA;NA;
cogshall;cly;T;20;2;2;;;;;19/09/2008;2008;9;38;F;A;2,7;NA;;NA;NA;
cogshall;cly;T;20;2;3;;;;;28/02/2008;2008;2;9;V;L;2,4;NA;;NA;NA;
cogshall;cly;T;20;3;;;;;;17/07/2007;2007;7;29;F;A;;NA;;NA;NA;
cogshall;cly;T;20;3;;;;;;22/09/2007;2007;9;38;F;L;;NA;;1;NA;
cogshall;cly;T;20;3;;;;;;22/09/2007;2007;9;38;F;L;;NA;;2;NA;
cogshall;cly;T;20;3;;;;;;22/09/2007;2007;9;38;F;L;;NA;;NA;NA;
cogshall;cly;T;20;3;;;;;;22/09/2007;2007;9;38;F;L;;NA;;NA;NA;
cogshall;cly;T;20;3;;;;;;14/06/2008;2008;6;24;F;A;8;NA;;NA;NA;
cogshall;cly;T;20;3;;;;;;16/06/2008;2008;6;25;F;L;;NA;;NA;NA;
cogshall;cly;T;20;3;;;;;;16/06/2008;2008;6;25;F;L;;NA;;NA;NA;
cogshall;cly;T;20;4;;;;;;18/07/2007;2007;7;29;F;A;8,2;NA;;NA;NA;
cogshall;cly;T;20;4;;;;;;22/09/2007;2007;9;38;F;L;;NA;;4;NA;
cogshall;cly;T;20;4;;;;;;24/09/2007;2007;9;39;F;L;;NA;;NA;NA;
cogshall;cly;T;20;4;;;;;;27/09/2007;2007;9;39;F;L;;NA;;NA;NA;
cogshall;cly;T;20;4;;;;;;28/09/2007;2007;9;39;F;L;;NA;;NA;NA;
cogshall;cly;T;20;4;;;;;;28/09/2007;2007;9;39;F;L;;NA;;NA;NA;
cogshall;cly;T;20;4;;;;;;28/09/2007;2007;9;39;F;L;;NA;;NA;NA;
cogshall;cly;T;20;5;;;;;;16/07/2007;2007;7;29;F;A;;NA;;3;NA;
cogshall;cly;T;20;5;1;;;;;14/09/2008;2008;9;38;F;A;2,7;NA;;NA;NA;
cogshall;cly;T;20;5;2;;;;;11/09/2008;2008;9;37;F;A;2,6;NA;;NA;NA;
cogshall;cly;T;20;5;3;;;;;06/03/2008;2008;3;10;V;L;2,5;NA;;NA;NA;
cogshall;cly;T;20;5;4;;;;;11/09/2008;2008;9;37;F;A;2,8;NA;;NA;NA;
cogshall;cly;T;20;6;;;;;;15/07/2007;2007;7;29;F;A;;NA;;NA;NA;
cogshall;cly;T;20;6;;;;;;24/09/2007;2007;9;39;F;L;;NA;;NA;NA;
cogshall;cly;T;20;6;;;;;;24/09/2007;2007;9;39;F;L;;NA;;NA;NA;
cogshall;cly;T;20;6;;;;;;27/09/2007;2007;9;39;F;L;;NA;;NA;NA;
cogshall;cly;T;20;6;;;;;;08/10/2007;2007;10;41;F;L;;NA;;NA;NA;
cogshall;cly;T;20;6;1;;;;;06/03/2008;2008;3;10;V;L;2,3;NA;;NA;NA;
cogshall;cly;T;20;6;2;;;;;02/09/2008;2008;9;36;F;A;3,3;NA;;NA;NA;
cogshall;cly;T;20;6;3;;;;;02/09/2008;2008;9;36;F;A;3,4;NA;;2;NA;
cogshall;cly;T;20;6;4;;;;;12/09/2008;2008;9;37;F;A;2,5;NA;;NA;NA;
cogshall;cly;T;20;7;0;0;;;;17/07/2008;2008;7;29;F;A;5,6;NA;;NA;NA;
cogshall;cly;T;20;8;;;;;;01/10/2007;2007;10;40;F;A;5,2;NA;;NA;NA;
cogshall;cly;T;20;9;;;;;;25/07/2007;2007;7;30;F;A;;NA;;NA;NA;
cogshall;cly;T;20;9;;;;;;30/09/2007;2007;9;40;F;L;;NA;;NA;NA;
cogshall;cly;T;20;9;;;;;;30/09/2007;2007;9;40;F;L;;NA;;NA;NA;
cogshall;cly;T;20;9;1;;;;;28/02/2008;2008;2;9;V;L;2,4;NA;;NA;NA;
cogshall;cly;T;20;10;0;0;;;;10/09/2008;2008;9;37;F;A;3;NA;;NA;NA;
cogshall;cly;T;20;11;;;;;;20/06/2008;2008;6;25;F;L;4,3;NA;;NA;NA;
cogshall;cly;T;20;11;;;;;;21/06/2008;2008;6;25;F;L;;NA;;NA;NA;
cogshall;cly;T;20;11;;;;;;22/06/2008;2008;6;26;F;L;;NA;;NA;NA;
cogshall;cly;T;20;12;;;;;;09/10/2007;2007;10;41;F;A;;NA;;NA;NA;
cogshall;cly;T;20;12;;;;;;24/06/2008;2008;6;26;F;L;;NA;;NA;NA;
cogshall;cly;T;20;12;1;;;;;NA;#VALEUR!;#VALEUR!;#VALEUR!;V;NA;3;NA;;NA;NA;
cogshall;cly;T;20;13;;;;;;29/07/2007;2007;7;31;F;A;6,1;NA;;NA;NA;
cogshall;cly;T;20;13;;;;;;04/10/2007;2007;10;40;F;L;;NA;;1;NA;
cogshall;cly;T;20;13;;;;;;06/10/2007;2007;10;40;F;L;;NA;;NA;NA;
cogshall;cly;T;20;13;;;;;;08/10/2007;2007;10;41;F;L;;NA;;NA;NA;
cogshall;cly;T;20;14;;;;;;30/07/2007;2007;7;31;F;A;;NA;;NA;NA;
cogshall;cly;T;20;14;;;;;;05/10/2007;2007;10;40;F;L;;NA;;3;NA;
cogshall;cly;T;20;14;;;;;;05/10/2007;2007;10;40;F;L;;NA;;1;NA;
cogshall;cly;T;20;14;1;;;;;12/09/2008;2008;9;37;F;A;3,5;NA;;NA;NA;
cogshall;cly;T;20;14;2;;;;;20/07/2008;2008;7;30;F;A;5;NA;;NA;NA;
cogshall;cly;T;20;14;3;;;;;08/09/2008;2008;9;37;F;A;2,9;NA;;NA;NA;
cogshall;cly;T;20;14;4;;;;;03/09/2008;2008;9;36;F;A;2,8;NA;;NA;NA;
cogshall;cly;T;20;14;5;;;;;13/03/2008;2008;3;11;V;L;3,1;NA;;NA;NA;
cogshall;cly;T;20;15;;;;;;30/07/2007;2007;7;31;F;A;;NA;;NA;NA;
cogshall;cly;T;20;15;2;;;;;20/03/2008;2008;3;12;V;L;3,3;NA;;NA;NA;
cogshall;cly;T;20;16;;;;;;19/07/2007;2007;7;29;F;A;;NA;;NA;NA;
cogshall;cly;T;20;16;;;;;;05/10/2007;2007;10;40;F;L;;NA;;NA;NA;
cogshall;cly;T;20;16;1;;;;;20/03/2008;2008;3;12;V;L;2,5;NA;;NA;NA;
cogshall;cly;T;20;16;2;;;;;20/03/2008;2008;3;12;V;L;2,6;NA;;NA;NA;
cogshall;cly;T;20;17;;;;;;23/07/2007;2007;7;30;F;A;;NA;;NA;NA;
cogshall;cly;T;20;17;1;;;;;28/06/2008;2008;6;26;F;A;3,8;NA;;NA;NA;
cogshall;cly;T;20;17;2;;;;;25/11/2007;2007;11;48;V;L;4,1;NA;;NA;NA;
cogshall;cly;T;20;17;3;0;;;;18/06/2008;2008;6;25;F;A;7,7;NA;;NA;NA;
cogshall;cly;T;20;17;3;0;;;;18/06/2008;2008;6;25;F;L;;NA;;NA;NA;
cogshall;cly;T;20;17;3;0;;;;25/06/2008;2008;6;26;F;L;;NA;;NA;NA;
cogshall;cly;T;20;17;3;1;;;;01/07/2008;2008;7;27;F;A;3,3;NA;;NA;NA;
cogshall;cly;T;20;17;4;;;;;25/10/2007;2007;10;43;V;L;4,5;NA;;NA;NA;
cogshall;cly;T;20;18;;;;;;27/07/2007;2007;7;30;F;A;;NA;;NA;NA;
cogshall;cly;T;20;18;;;;;;30/10/2007;2007;10;44;F;L;;NA;;NA;NA;
cogshall;cly;T;20;18;;;;;;18/06/2008;2008;6;25;F;L;4,8;NA;;NA;NA;
cogshall;cly;T;20;18;;;;;;18/06/2008;2008;6;25;F;L;;NA;;NA;NA;
cogshall;cly;T;20;19;;;;;;27/07/2007;2007;7;30;F;A;;NA;;NA;NA;
cogshall;cly;T;20;19;;;;;;05/10/2007;2007;10;40;F;L;;NA;;NA;NA;
cogshall;cly;T;20;19;1;;;;;25/10/2007;2007;10;43;V;L;5,7;NA;;NA;NA;
cogshall;cly;T;20;20;;;;;;20/07/2007;2007;7;29;F;A;5,2;NA;;NA;NA;
cogshall;cly;T;20;20;;;;;;26/09/2007;2007;9;39;F;L;;NA;;1;NA;
cogshall;cly;T;20;21;;;;;;25/07/2007;2007;7;30;F;A;4,6;NA;;NA;NA;
cogshall;cly;T;20;21;;;;;;02/10/2007;2007;10;40;F;L;;NA;;NA;NA;
cogshall;cly;T;20;22;0;0;;;;15/06/2008;2008;6;25;F;A;6,3;NA;;NA;NA;
cogshall;cly;T;20;22;0;0;;;;15/06/2008;2008;6;25;F;L;;NA;;NA;NA;
cogshall;cly;T;20;23;;;;;;31/07/2007;2007;7;31;F;A;;NA;;NA;NA;
cogshall;cly;T;20;23;1;;;;;25/10/2007;2007;10;43;V;L;2,6;NA;;NA;NA;
cogshall;cly;T;20;23;2;0;;;;24/06/2008;2008;6;26;F;A;6,5;NA;25/07/2008;NA;NA;
cogshall;cly;T;20;23;3;;;;;25/10/2007;2007;10;43;V;L;3,3;NA;;NA;NA;
cogshall;cly;T;20;24;0;0;;;;21/06/2008;2008;6;25;F;A;5,8;NA;;NA;NA;
cogshall;cly;T;20;25;;;;;;02/08/2007;2007;8;31;F;A;;NA;;NA;NA;
cogshall;cly;T;20;25;1;;;;;25/10/2007;2007;10;43;V;L;3,5;NA;;NA;NA;
cogshall;cly;T;20;25;2;;;;;25/10/2007;2007;10;43;V;L;2,5;NA;;NA;NA;
cogshall;cly;T;20;25;3;0;;;;24/06/2008;2008;6;26;F;A;5,7;NA;;NA;NA;
cogshall;cly;T;20;26;;;;;;18/07/2007;2007;7;29;F;A;;NA;;NA;NA;
cogshall;cly;T;20;26;;;;;;21/06/2008;2008;6;25;F;L;5;NA;;NA;NA;
cogshall;cly;T;20;27;;;;;;01/08/2007;2007;8;31;F;A;;NA;;NA;NA;
cogshall;cly;T;20;27;1;;;;;25/06/2008;2008;6;26;F;A;4,9;NA;;NA;NA;
cogshall;cly;T;20;27;2;;;;;15/09/2008;2008;9;38;F;A;3,3;NA;;NA;NA;
cogshall;cly;T;20;28;;;;;;02/08/2007;2007;8;31;F;A;;NA;;NA;NA;
cogshall;cly;T;20;28;1;0;;;;24/06/2008;2008;6;26;F;A;4,7;NA;;1;NA;
cogshall;cly;T;20;28;2;;;;;01/11/2008;2008;11;44;V;L;3,8;NA;;NA;NA;
cogshall;cly;T;20;29;0;0;;;;14/06/2008;2008;6;24;F;A;4,8;NA;;NA;NA;
cogshall;cly;T;20;30;;;;;;16/06/2008;2008;6;25;F;L;;NA;;NA;NA;
cogshall;cly;T;20;30;1;;;;;24/06/2008;2008;6;26;F;A;4,3;NA;;NA;NA;
cogshall;cly;T;20;30;1;;;;;21/06/2008;2008;6;25;F;L;;NA;;1;NA;
cogshall;cly;T;20;30;1;;;;;20/06/2008;2008;6;25;F;L;;NA;;NA;NA;
cogshall;cly;T;20;31;;;;;;22/07/2007;2007;7;30;F;A;;NA;;NA;NA;
cogshall;cly;T;20;31;1;;;;;01/11/2007;2007;11;44;V;L;3,1;NA;;NA;NA;
cogshall;cly;T;20;31;2;;;;;01/11/2007;2007;11;44;V;L;3,7;NA;;NA;NA;
cogshall;cly;T;20;31;3;0;;;;20/06/2008;2008;6;25;F;A;4,8;NA;25/07/2008;NA;NA;
cogshall;cly;T;20;32;;;;;;25/07/2007;2007;7;30;F;A;;NA;;NA;NA;
cogshall;cly;T;20;32;;;;;;17/08/2007;2007;8;33;V;L;;NA;;NA;NA;
cogshall;cly;T;20;32;;;;;;18/08/2007;2007;8;33;V;L;;NA;;NA;NA;
cogshall;cly;T;20;32;;;;;;18/08/2007;2007;8;33;V;L;;NA;;NA;NA;
cogshall;cly;T;20;32;1;;;;;20/06/2008;2008;6;25;F;A;3,7;NA;;NA;NA;
cogshall;cly;T;20;32;2;;;;;14/06/2008;2008;6;24;F;A;4,3;NA;;1;NA;
cogshall;cly;T;20;32;3;;;;;14/06/2008;2008;6;24;F;A;3,7;NA;;NA;NA;
cogshall;cly;T;20;32;4;;;;;20/06/2008;2008;6;25;F;A;3,1;NA;;NA;NA;
cogshall;cly;T;20;32;5;;;;;18/10/2007;2007;10;42;V;L;2,7;NA;;NA;NA;
cogshall;cly;T;20;32;6;;;;;20/06/2008;2008;6;25;F;A;3,2;NA;;NA;NA;
cogshall;cly;T;20;33;;;;;;28/07/2007;2007;7;30;F;A;;NA;;NA;NA;
cogshall;cly;T;20;33;1;;;;;01/11/2007;2007;11;44;V;L;3,3;NA;;NA;NA;
cogshall;cly;T;20;33;2;0;;;;24/06/2008;2008;6;26;F;A;4,5;NA;25/07/2008;NA;NA;
cogshall;cly;T;20;33;2;1;;;;27/12/2007;2007;12;52;V;L;2,4;NA;;NA;NA;
cogshall;cly;T;20;33;3;0;;;;14/06/2008;2008;6;24;F;A;6,6;NA;;1;NA;
cogshall;cly;T;20;33;4;1;;;;14/06/2008;2008;6;24;F;A;5;NA;;NA;NA;
cogshall;cly;T;20;33;5;;;;;01/11/2007;2007;11;44;V;L;4;NA;;NA;NA;
cogshall;cly;T;20;33;6;;;;;01/11/2007;2007;11;44;V;L;3,6;NA;;NA;NA;
cogshall;cly;T;20;34;;;;;;NA;#VALEUR!;#VALEUR!;#VALEUR!;V;NA;4,4;NA;;NA;NA;
cogshall;cly;T;20;35;;;;;;22/07/2007;2007;7;30;F;A;;NA;;NA;NA;
cogshall;cly;T;20;35;1;0;;;;16/06/2008;2008;6;25;F;A;5,3;NA;;NA;NA;
cogshall;cly;T;20;35;2;;;;;18/10/2007;2007;10;42;V;L;4;NA;;NA;NA;
cogshall;cly;T;20;35;3;0;;;;16/06/2008;2008;6;25;F;A;4,7;NA;;NA;NA;
cogshall;cly;T;20;36;;;;;;20/07/2007;2007;7;29;F;A;;NA;;NA;NA;
cogshall;cly;T;20;36;1;0;;;;09/07/2008;2008;7;28;F;A;6,2;NA;;NA;NA;
cogshall;cly;T;20;36;1;0;;;;14/06/2008;2008;6;24;F;L;;NA;;NA;NA;
cogshall;cly;T;20;36;2;;;;;20/06/2008;2008;6;25;F;A;4,2;NA;;NA;NA;
cogshall;cly;T;20;36;3;;;;;19/06/2008;2008;6;25;F;A;4,5;NA;;NA;NA;
cogshall;cly;T;20;36;4;;;;;18/06/2008;2008;6;25;F;A;3,9;NA;;NA;NA;
cogshall;cly;T;20;36;5;0;;;;18/06/2008;2008;6;25;F;A;4,7;NA;;NA;NA;
cogshall;cly;T;20;37;;;;;;NA;#VALEUR!;#VALEUR!;#VALEUR!;V;NA;;NA;;NA;S;
cogshall;cly;T;20;38;;;;;;23/07/2007;2007;7;30;F;A;;NA;;1;NA;
cogshall;cly;T;20;38;;;;;;16/09/2007;2007;9;38;F;L;;NA;;NA;NA;
cogshall;cly;T;20;38;1;;;;;05/08/2008;2008;8;32;F;A;3,3;NA;;NA;NA;
cogshall;cly;T;20;38;2;;;;;31/08/2008;2008;8;36;F;A;4;NA;;NA;NA;
cogshall;cly;T;20;38;3;;;;;11/09/2008;2008;9;37;F;A;3,3;NA;;NA;NA;
cogshall;cly;T;20;38;4;;;;;05/08/2008;2008;8;32;F;A;2,1;NA;;NA;NA;
cogshall;cly;T;20;38;5;;;;;07/09/2008;2008;9;37;F;A;3;NA;;NA;NA;
cogshall;cly;T;20;38;6;;;;;11/09/2008;2008;9;37;F;A;3;NA;;NA;NA;
cogshall;cly;T;20;38;7;;;;;17/09/2008;2008;9;38;F;A;3,5;NA;;NA;NA;
cogshall;cly;T;20;38;8;;;;;07/08/2008;2008;8;32;F;A;4;NA;;NA;NA;
cogshall;cly;T;20;38;9;;;;;15/09/2008;2008;9;38;F;A;3,7;NA;;NA;NA;
cogshall;cly;T;20;39;;;;;;26/07/2007;2007;7;30;F;A;;NA;;NA;NA;
cogshall;cly;T;20;39;1;;;;;05/09/2008;2008;9;36;F;A;2,8;NA;;NA;NA;
cogshall;cly;T;20;39;2;;;;;05/09/2008;2008;9;36;F;A;3,2;NA;;1;NA;
cogshall;cly;T;20;39;3;;;;;05/09/2008;2008;9;36;F;A;2,8;NA;;1;NA;
cogshall;cly;T;20;40;1;0;0;;;01/09/2008;2008;9;36;F;A;5,4;NA;;NA;NA;
cogshall;cly;T;20;41;;;;;;21/07/2007;2007;7;29;F;A;5;NA;;1;NA;
cogshall;cly;T;20;42;;;;;;20/07/2007;2007;7;29;F;A;;NA;;2;NA;
cogshall;cly;T;20;42;1;;;;;06/03/2008;2008;3;10;V;L;2,1;NA;;NA;NA;
cogshall;cly;T;20;42;2;;;;;06/03/2008;2008;3;10;V;L;2,9;NA;;NA;NA;
cogshall;cly;T;20;42;3;;;;;10/09/2008;2008;9;37;F;A;2,7;NA;;NA;NA;
cogshall;cly;T;20;42;4;;;;;08/09/2008;2008;9;37;F;A;3,7;NA;;NA;NA;
cogshall;cly;T;20;42;5;;;;;06/03/2008;2008;3;10;V;L;1,9;NA;;NA;NA;
cogshall;cly;T;20;42;6;;;;;06/03/2008;2008;3;10;V;L;2,5;NA;;NA;NA;
cogshall;cly;T;20;42;7;;;;;09/09/2008;2008;9;37;F;A;3,9;NA;;NA;NA;
cogshall;cly;T;20;43;;;;;;16/07/2007;2007;7;29;F;A;;NA;;NA;NA;
cogshall;cly;T;20;43;1;;;;;10/09/2008;2008;9;37;F;A;2,5;NA;;NA;NA;
cogshall;cly;T;20;43;2;;;;;02/09/2008;2008;9;36;F;A;3,2;NA;;NA;NA;
cogshall;cly;T;20;43;3;;;;;02/09/2008;2008;9;36;F;A;3,3;NA;;NA;NA;
cogshall;cly;T;20;43;4;;;;;31/08/2008;2008;8;36;F;A;3,9;NA;;NA;NA;
cogshall;cly;T;20;43;5;;;;;05/09/2008;2008;9;36;F;A;3,1;NA;;NA;NA;
cogshall;cly;T;20;44;;;;;;11/07/2007;2007;7;28;F;A;;NA;;2;NA;
cogshall;cly;T;20;44;1;;;;;25/06/2008;2008;6;26;F;A;2,5;NA;;NA;NA;
cogshall;cly;T;20;44;2;;;;;01/09/2008;2008;9;36;F;A;3;NA;;NA;NA;
cogshall;cly;T;20;44;3;;;;;31/08/2008;2008;8;36;F;A;2,6;NA;;NA;NA;
cogshall;cly;T;20;45;;;;;;17/07/2007;2007;7;29;F;A;;NA;;1;NA;
cogshall;cly;T;20;45;1;;;;;06/03/2008;2008;3;10;V;L;2,7;NA;;NA;NA;
cogshall;cly;T;20;46;;;;;;16/07/2007;2007;7;29;F;A;;NA;;NA;NA;
cogshall;cly;T;20;46;1;;;;;01/09/2008;2008;9;36;F;A;4,3;NA;;NA;NA;
cogshall;cly;T;20;46;2;;;;;03/09/2008;2008;9;36;F;L;3,3;NA;;NA;NA;
cogshall;cly;T;20;46;2;;;;;05/09/2008;2008;9;36;F;L;;NA;;NA;NA;
cogshall;cly;T;20;46;3;;;;;31/08/2008;2008;8;36;F;A;3;NA;;NA;NA;
cogshall;cly;T;20;47;;;;;;31/07/2007;2007;7;31;F;A;;NA;;NA;NA;
cogshall;cly;T;20;47;;;;;;17/09/2007;2007;9;38;F;L;;NA;;NA;NA;
cogshall;cly;T;20;47;;;;;;20/09/2007;2007;9;38;F;L;;NA;;NA;NA;
cogshall;cly;T;20;47;;;;;;20/09/2007;2007;9;38;F;L;;NA;;NA;NA;
cogshall;cly;T;20;47;1;;;;;28/02/2008;2008;2;9;V;L;4;NA;;NA;NA;
cogshall;cly;T;20;47;2;;;;;28/02/2008;2008;2;9;V;L;2,7;NA;;NA;NA;
cogshall;cly;T;20;48;;;;;;20/07/2007;2007;7;29;F;A;3,9;NA;;2;NA;
cogshall;cly;T;20;49;;;;;;25/07/2007;2007;7;30;F;A;7,3;NA;;NA;NA;
cogshall;cly;T;20;49;;;;;;05/10/2007;2007;10;40;F;L;;NA;;1;NA;
cogshall;cly;T;20;49;;;;;;05/10/2007;2007;10;40;F;L;;NA;;1;NA;
cogshall;cly;T;20;50;;;;;;25/07/2007;2007;7;30;F;A;;NA;;NA;NA;
cogshall;cly;T;20;50;1;0;0;;;31/08/2008;2008;8;36;F;A;6,1;NA;;NA;NA;
cogshall;cly;T;20;50;2;;;;;04/09/2008;2008;9;36;F;A;2,5;NA;;NA;NA;
cogshall;cly;T;20;50;3;;;;;31/08/2008;2008;8;36;F;A;3,5;NA;;NA;NA;
cogshall;cly;T;20;50;4;;;;;31/08/2008;2008;8;36;F;A;3,5;NA;;1;NA;
cogshall;cly;T;20;51;;;;;;22/07/2007;2007;7;30;F;A;;NA;;NA;NA;
cogshall;cly;T;20;51;;;;;;14/10/2007;2007;10;42;F;L;;NA;;1;NA;
cogshall;cly;T;20;51;1;;;;;13/03/2008;2008;3;11;V;L;3,3;NA;;NA;NA;
cogshall;cly;T;20;52;;;;;;25/07/2007;2007;7;30;F;A;;NA;;NA;NA;
cogshall;cly;T;20;52;1;0;;;;NA;#VALEUR!;#VALEUR!;#VALEUR!;V;NA;3,6;NA;;NA;NA;
cogshall;cly;T;20;52;2;;;;;NA;#VALEUR!;#VALEUR!;#VALEUR!;V;NA;3,4;NA;;NA;NA;
cogshall;cly;T;20;53;0;0;;;;30/08/2008;2008;8;35;F;A;5,4;NA;;NA;NA;
cogshall;cly;T;20;54;0;1;;;;31/08/2008;2008;8;36;F;A;3,2;NA;;NA;NA;
cogshall;cly;T;20;54;1;0;0;;;31/08/2008;2008;8;36;F;A;5,6;NA;;NA;NA;
cogshall;cly;T;20;54;1;0;1;;;05/09/2008;2008;9;36;F;A;4,5;NA;;NA;NA;
cogshall;cly;T;20;54;1;0;2;;;05/09/2008;2008;9;36;F;A;2,8;NA;;NA;NA;
cogshall;cly;T;20;55;;;;;;24/07/2007;2007;7;30;F;A;;NA;;NA;NA;
cogshall;cly;T;20;55;1;;;;;21/06/2008;2008;6;25;F;A;4,7;NA;;NA;NA;
cogshall;cly;T;20;55;2;0;;;;18/06/2008;2008;6;25;F;A;6,5;NA;;1;NA;
cogshall;cly;T;20;55;3;0;;;;14/06/2008;2008;6;24;F;A;7;NA;;1;NA;
cogshall;cly;T;20;56;;;;;;NA;#VALEUR!;#VALEUR!;#VALEUR!;V;NA;;NA;;NA;S;
cogshall;cly;T;20;57;1;0;0;;;30/08/2008;2008;8;35;F;A;3,3;NA;;NA;NA;
cogshall;cly;T;20;57;2;;;;;02/08/2008;2008;8;31;F;A;2,8;NA;;NA;NA;
cogshall;cly;T;20;58;0;0;;;;07/09/2008;2008;9;37;F;A;3,7;NA;;NA;NA;
cogshall;cly;T;20;58;0;1;;;;10/09/2008;2008;9;37;F;A;3,1;NA;;NA;NA;
cogshall;cly;T;20;59;0;0;;;;05/09/2008;2008;9;36;F;A;5,1;NA;;NA;NA;
cogshall;cly;T;20;60;;;;;;21/07/2007;2007;7;29;F;A;;NA;;NA;NA;
cogshall;cly;T;20;60;;;;;;13/10/2007;2007;10;41;F;L;;NA;;NA;NA;
cogshall;cly;T;20;60;;;;;;NA;#VALEUR!;#VALEUR!;#VALEUR!;V;NA;;NA;;NA;P;29/08/2008
cogshall;cly;T;27;1;;;;;;14/07/2007;2007;7;28;F;A;;NA;;NA;NA;
cogshall;cly;T;27;1;1;;;;;14/07/2007;2007;7;28;F;A;;NA;;NA;NA;
cogshall;cly;T;27;1;2;0;;;;25/06/2008;2008;6;26;F;A;;NA;;NA;NA;
cogshall;cly;T;27;1;3;0;;;;15/07/2008;2008;7;29;F;A;;NA;;NA;NA;
cogshall;cly;T;27;2;;;;;;15/07/2007;2007;7;29;F;A;;NA;;1;NA;
cogshall;cly;T;27;2;1;0;1;;;13/03/2008;2008;3;11;V;L;;NA;;NA;NA;
cogshall;cly;T;27;2;1;0;2;;;13/03/2008;2008;3;11;V;L;;NA;;NA;NA;
cogshall;cly;T;27;2;1;0;0;;;23/06/2008;2008;6;26;F;A;;NA;;NA;NA;
cogshall;cly;T;27;2;2;0;;;;22/06/2008;2008;6;26;F;A;;NA;;NA;NA;
cogshall;cly;T;27;2;3;0;;;;23/06/2008;2008;6;26;F;A;;NA;;NA;NA;
cogshall;cly;T;27;2;4;0;;;;22/06/2008;2008;6;26;F;A;;NA;;NA;NA;
cogshall;cly;T;27;3;;;;;;15/07/2007;2007;7;29;F;A;;NA;;NA;NA;
cogshall;cly;T;27;3;1;;;;;23/06/2008;2008;6;26;F;A;;NA;;NA;NA;
cogshall;cly;T;27;3;2;;;;;24/06/2008;2008;6;26;F;A;;NA;;NA;NA;
cogshall;cly;T;27;3;3;;;;;25/06/2008;2008;6;26;F;A;;NA;;NA;NA;
cogshall;cly;T;27;4;;;;;;15/07/2007;2007;7;29;F;A;;NA;;NA;NA;
cogshall;cly;T;27;4;3;;;;;11/10/2007;2007;10;41;V;L;;NA;;NA;NA;
cogshall;cly;T;27;4;1;0;;;;23/06/2008;2008;6;26;F;A;;NA;;NA;NA;
cogshall;cly;T;27;4;2;0;;;;21/06/2008;2008;6;25;F;A;;NA;;NA;NA;
cogshall;cly;T;27;4;2;0;;;;23/06/2008;2008;6;26;F;L;;NA;;NA;NA;
cogshall;cly;T;27;4;2;0;;;;23/06/2008;2008;6;26;F;L;;NA;;NA;NA;
cogshall;cly;T;27;4;4;;;;;24/06/2008;2008;6;26;F;A;;NA;;NA;NA;
cogshall;cly;T;27;5;;;;;;15/07/2007;2007;7;29;F;A;;NA;;NA;NA;
cogshall;cly;T;27;5;1;0;;;;23/06/2008;2008;6;26;F;A;;NA;;NA;NA;
cogshall;cly;T;27;6;1;;;;;24/10/2007;2007;10;43;V;L;;NA;;NA;NA;
cogshall;cly;T;27;6;2;;;;;24/10/2007;2007;10;43;V;L;;NA;;NA;NA;
cogshall;cly;T;27;6;3;;;;;24/10/2007;2007;10;43;V;L;;NA;;NA;NA;
cogshall;cly;T;27;6;1;0;;;;NA;#VALEUR!;#VALEUR!;#VALEUR!;V;A;;NA;;NA;NA;
cogshall;cly;T;27;6;2;0;;;;23/06/2008;2008;6;26;F;A;;NA;;NA;NA;
cogshall;cly;T;27;6;2;0;;;;04/09/2008;2008;9;36;F;A;;NA;;NA;NA;
cogshall;cly;T;27;6;3;0;;;;25/06/2008;2008;6;26;F;A;;NA;;NA;NA;
cogshall;cly;T;27;7;;;;;;NA;#VALEUR!;#VALEUR!;#VALEUR!;V;NA;;NA;;NA;S;29/08/2008
cogshall;cly;T;27;8;;;;;;16/07/2007;2007;7;29;F;A;;NA;;NA;NA;
cogshall;cly;T;27;8;1;0;;;;23/06/2008;2008;6;26;F;A;;NA;;NA;NA;
cogshall;cly;T;27;8;2;0;;;;21/06/2008;2008;6;25;F;A;;NA;;NA;NA;
cogshall;cly;T;27;8;3;0;;;;25/06/2008;2008;6;26;F;A;;NA;;NA;NA;
cogshall;cly;T;27;9;2;0;;;;NA;#VALEUR!;#VALEUR!;#VALEUR!;V;NA;;NA;;NA;NA;
cogshall;cly;T;27;9;1;0;;;;21/06/2008;2008;6;25;F;A;;NA;;NA;NA;
cogshall;cly;T;27;10;;;;;;17/07/2007;2007;7;29;F;A;;NA;;NA;NA;
cogshall;cly;T;27;11;;;;;;11/07/2007;2007;7;28;F;A;;NA;;NA;NA;
cogshall;cly;T;27;11;4;1;;;;11/10/2007;2007;10;41;V;L;;NA;;NA;NA;
cogshall;cly;T;27;11;5;2;;;;11/10/2007;2007;10;41;V;L;;NA;;NA;NA;
cogshall;cly;T;27;11;1;0;;;;17/06/2008;2008;6;25;F;A;;NA;;NA;NA;
cogshall;cly;T;27;11;2;0;;;;17/06/2008;2008;6;25;F;A;;NA;;NA;NA;
cogshall;cly;T;27;11;3;0;;;;20/06/2008;2008;6;25;F;A;;NA;;NA;NA;
cogshall;cly;T;27;12;1;;;;;23/10/2007;2007;10;43;V;L;;NA;;NA;NA;
cogshall;cly;T;27;12;2;1;;;;11/10/2007;2007;10;41;V;L;;NA;;NA;NA;
cogshall;cly;T;27;12;1;0;;;;17/06/2008;2008;6;25;F;A;;NA;;NA;NA;
cogshall;cly;T;27;12;1;0;;;;20/06/2008;2008;6;25;F;L;;NA;;NA;NA;
cogshall;cly;T;27;13;;;;;;17/07/2007;2007;7;29;F;A;;NA;;1;NA;
cogshall;cly;T;27;13;0;0;;;;17/07/2007;2007;7;29;F;A;;NA;;NA;NA;
cogshall;cly;T;27;14;0;;;;;22/10/2007;2007;10;43;V;A;;NA;;NA;NA;
cogshall;cly;T;27;14;0;0;;;;11/10/2007;2007;10;41;V;A;;NA;;NA;NA;
cogshall;cly;T;27;15;1;;;;;21/10/2007;2007;10;43;V;L;;NA;;NA;NA;
cogshall;cly;T;27;15;2;;;;;21/10/2007;2007;10;43;V;L;;NA;;NA;NA;
cogshall;cly;T;27;15;1;0;;;;NA;#VALEUR!;#VALEUR!;#VALEUR!;V;NA;;NA;;NA;NA;
cogshall;cly;T;27;15;2;0;;;;NA;#VALEUR!;#VALEUR!;#VALEUR!;V;NA;;NA;;NA;NA;
cogshall;cly;T;27;16;;;;;;10/07/2007;2007;7;28;F;A;;NA;;1;NA;
cogshall;cly;T;27;16;1;;;;;23/10/2007;2007;10;43;V;L;;NA;;NA;NA;
cogshall;cly;T;27;16;2;;;;;24/10/2007;2007;10;43;V;L;;NA;;NA;NA;
cogshall;cly;T;27;16;3;;;;;25/10/2007;2007;10;43;V;L;;NA;;NA;NA;
cogshall;cly;T;27;16;3;0;2;;;13/03/2008;2008;3;11;V;L;;NA;;NA;NA;
cogshall;cly;T;27;16;3;0;3;;;13/03/2008;2008;3;11;V;L;;NA;;NA;NA;
cogshall;cly;T;27;16;5;;;;;11/10/2007;2007;10;41;V;L;;NA;;NA;NA;
cogshall;cly;T;27;16;1;0;0;;;16/06/2008;2008;6;25;F;A;;NA;;NA;NA;
cogshall;cly;T;27;16;2;0;0;;;16/06/2008;2008;6;25;F;A;;NA;;NA;NA;
cogshall;cly;T;27;16;2;0;1;;;30/06/2008;2008;6;27;F;A;;NA;;NA;NA;
cogshall;cly;T;27;16;2;0;2;;;30/06/2008;2008;6;27;VF;A;;NA;;NA;NA;
cogshall;cly;T;27;16;2;0;3;;;30/06/2008;2008;6;27;F;A;;NA;;NA;NA;
cogshall;cly;T;27;16;3;0;0;;;15/06/2008;2008;6;25;F;A;;NA;;NA;NA;
cogshall;cly;T;27;16;3;0;1;;;16/06/2008;2008;6;25;F;A;;NA;;NA;NA;
cogshall;cly;T;27;16;4;0;0;;;15/06/2008;2008;6;25;F;A;;NA;;NA;NA;
cogshall;cly;T;27;17;;;;;;NA;#VALEUR!;#VALEUR!;#VALEUR!;V;A;;NA;;NA;ND;
cogshall;cly;T;27;17;1;;;;;20/06/2008;2008;6;25;F;A;;NA;;NA;NA;
cogshall;cly;T;27;18;0;;;;;24/10/2007;2007;10;43;V;A;;NA;;NA;NA;
cogshall;cly;T;27;18;0;0;;;;22/06/2008;2008;6;26;F;A;;NA;;NA;NA;
cogshall;cly;T;27;19;0;;;;;11/10/2007;2007;10;41;V;A;;NA;;NA;NA;
cogshall;cly;T;27;20;1;;;;;21/10/2007;2007;10;43;V;L;;NA;;NA;NA;
cogshall;cly;T;27;20;;;;;;21/10/2007;2007;10;43;VF;L;;NA;;NA;NA;
cogshall;cly;T;27;20;1;0;0;;;11/07/2008;2008;7;28;V;A;;NA;;NA;NA;
cogshall;cly;T;27;20;1;0;1;;;11/07/2008;2008;7;28;V;L;;NA;;NA;NA;
cogshall;cly;T;27;20;2;0;0;;;11/07/2008;2008;7;28;V;A;;NA;;NA;NA;
cogshall;cly;T;27;21;;;;;;23/07/2007;2007;7;30;F;A;;NA;;NA;NA;
cogshall;cly;T;27;21;1;0;;;;18/06/2008;2008;6;25;F;A;;NA;;NA;NA;
cogshall;cly;T;27;21;1;0;;;;18/06/2008;2008;6;25;F;L;;NA;;NA;NA;
cogshall;cly;T;27;21;1;0;;;;22/06/2008;2008;6;26;F;L;;NA;;NA;NA;
cogshall;cly;T;27;21;2;0;;;;23/07/2007;2007;7;30;F;A;;NA;;NA;NA;
cogshall;cly;T;27;21;2;0;;;;19/06/2008;2008;6;25;F;L;;NA;;NA;NA;
cogshall;cly;T;27;21;3;0;;;;23/07/2007;2007;7;30;F;A;;NA;;NA;NA;
cogshall;cly;T;27;21;4;0;;;;23/07/2007;2007;7;30;F;A;;NA;;NA;NA;
cogshall;cly;T;27;22;0;0;;;;21/10/2007;2007;10;43;V;A;;NA;;NA;NA;
cogshall;cly;T;27;23;0;0;;;;21/10/2007;2007;10;43;V;A;;NA;;NA;NA;
cogshall;cly;T;27;23;1;0;;;;08/07/2008;2008;7;28;V;A;;NA;;NA;NA;
cogshall;cly;T;27;24;0;;;;;21/10/2007;2007;10;43;V;A;;NA;;NA;NA;
cogshall;cly;T;27;22;0;0;;;;18/06/2008;2008;6;25;F;A;;NA;;NA;NA;
cogshall;cly;T;27;23;0;0;;;;24/06/2008;2008;6;26;F;L;;NA;;NA;NA;
cogshall;cly;T;27;24;;;;;;NA;#VALEUR!;#VALEUR!;#VALEUR!;V;NA;;NA;;NA;NA;
cogshall;cly;T;27;25;;;;;;20/07/2007;2007;7;29;F;A;;NA;;NA;NA;
cogshall;cly;T;27;25;1;;;;;24/10/2007;2007;10;43;V;L;;NA;;NA;NA;
cogshall;cly;T;27;25;2;;;;;24/10/2007;2007;10;43;V;L;;NA;;NA;NA;
cogshall;cly;T;27;25;3;;;;;24/10/2007;2007;10;43;V;L;;NA;;NA;NA;
cogshall;cly;T;27;25;2;0;;;;NA;#VALEUR!;#VALEUR!;#VALEUR!;V;NA;;NA;;NA;NA;
cogshall;cly;T;27;25;1;0;;;;18/06/2008;2008;6;25;F;A;;NA;;NA;NA;
cogshall;cly;T;27;25;3;0;;;;16/06/2008;2008;6;25;F;A;;NA;;NA;NA;
cogshall;cly;T;27;25;3;0;;;;17/06/2008;2008;6;25;F;L;;NA;;NA;NA;
cogshall;cly;T;27;25;3;0;;;;17/06/2008;2008;6;25;F;L;;NA;;NA;NA;
cogshall;cly;T;27;25;3;0;;;;16/06/2008;2008;6;25;F;L;;NA;;NA;NA;
cogshall;cly;T;27;25;3;0;;;;17/06/2008;2008;6;25;F;L;;NA;;NA;NA;
cogshall;cly;T;27;26;;;;;;13/07/2007;2007;7;28;F;A;;NA;;2;NA;
cogshall;cly;T;27;26;6;0;;;;NA;#VALEUR!;#VALEUR!;#VALEUR!;V;NA;;NA;;NA;NA;
cogshall;cly;T;27;26;1;0;;;;21/06/2008;2008;6;25;F;L;;NA;;NA;NA;
cogshall;cly;T;27;26;1;0;;;;21/06/2008;2008;6;25;F;A;;NA;;NA;NA;
cogshall;cly;T;27;26;2;0;;;;16/06/2008;2008;6;25;F;L;;NA;;NA;NA;
cogshall;cly;T;27;26;2;0;;;;17/06/2008;2008;6;25;F;L;;NA;;NA;NA;
cogshall;cly;T;27;26;2;0;;;;17/06/2008;2008;6;25;F;L;;NA;;NA;NA;
cogshall;cly;T;27;26;2;0;;;;16/06/2008;2008;6;25;F;L;;NA;;NA;NA;
cogshall;cly;T;27;26;2;0;;;;17/06/2008;2008;6;25;F;L;;NA;;NA;NA;
cogshall;cly;T;27;26;3;0;;;;23/06/2008;2008;6;26;F;A;;NA;;NA;NA;
cogshall;cly;T;27;26;5;0;;;;20/06/2008;2008;6;25;F;A;;NA;;NA;NA;
cogshall;cly;T;27;27;0;;;;;21/10/2007;2007;10;43;V;A;;NA;;NA;NA;
cogshall;cly;T;27;27;0;0;;;;02/07/2008;2008;7;27;F;A;;NA;;NA;NA;
cogshall;cly;T;27;27;0;0;;;;28/06/2007;2007;6;26;F;L;;NA;;NA;NA;
cogshall;cly;T;27;27;0;0;;;;24/06/2008;2008;6;26;F;L;;NA;;NA;NA;
cogshall;cly;T;27;28;0;;;;;22/10/2007;2007;10;43;V;A;;NA;;NA;NA;
cogshall;cly;T;27;28;0;0;;;;21/06/2008;2008;6;25;F;A;;NA;;NA;NA;
cogshall;cly;T;27;29;0;;;;;23/10/2007;2007;10;43;V;A;;NA;;NA;NA;
cogshall;cly;T;27;29;0;0;;;;25/06/2008;2008;6;26;F;A;;NA;;NA;NA;
cogshall;cly;T;27;30;;;;;;22/07/2007;2007;7;30;F;A;;NA;;NA;NA;
cogshall;cly;T;27;30;1;;;;;25/10/2007;2007;10;43;V;L;;NA;;NA;NA;
cogshall;cly;T;27;30;2;;;;;25/10/2007;2007;10;43;V;L;;NA;;NA;NA;
cogshall;cly;T;27;30;1;0;;;;06/07/2008;2008;7;28;F;A;;NA;;NA;NA;
cogshall;cly;T;27;30;2;0;0;;;19/06/2008;2008;6;25;F;A;;NA;;NA;NA;
cogshall;cly;T;27;31;0;;;;;23/10/2007;2007;10;43;V;A;;NA;;NA;NA;
cogshall;cly;T;27;31;0;0;;;;23/06/2008;2008;6;26;F;A;;NA;;NA;NA;
cogshall;cly;T;27;32;1;;;;;27/10/2007;2007;10;43;V;L;;NA;;NA;NA;
cogshall;cly;T;27;32;1;0;;;;24/06/2008;2008;6;26;F;A;;NA;;NA;NA;
cogshall;cly;T;27;33;0;;;;;20/10/2007;2007;10;42;V;A;;NA;;NA;NA;
cogshall;cly;T;27;33;0;0;;;;13/06/2008;2008;6;24;F;A;;NA;;NA;NA;
cogshall;cly;T;27;34;0;;;;;07/07/2008;2008;7;28;V;A;;NA;;NA;NA;
cogshall;cly;T;27;35;0;;;;;11/10/2007;2007;10;41;V;A;;NA;;NA;NA;
cogshall;cly;T;27;36;0;;;;;24/10/2007;2007;10;43;V;A;;NA;;NA;NA;
cogshall;cly;T;27;36;0;0;0;;;11/07/2008;2008;7;28;V;A;;NA;;NA;NA;
cogshall;cly;T;27;37;0;;;;;25/08/2007;2007;8;34;V;A;;NA;;NA;NA;
cogshall;cly;T;27;37;1;;;;;21/10/2007;2007;10;43;V;L;;NA;;NA;NA;
cogshall;cly;T;27;37;;;;;;22/10/2007;2007;10;43;FV;L;;NA;;NA;NA;
cogshall;cly;T;27;37;2;;;;;11/10/2007;2007;10;41;V;L;;NA;;NA;NA;
cogshall;cly;T;27;37;1;;;;;19/06/2008;2008;6;25;F;A;;NA;;NA;NA;
cogshall;cly;T;27;37;1;;;;;22/06/2008;2008;6;26;F;A;;NA;;NA;NA;
cogshall;cly;T;27;38;0;;;;;20/10/2007;2007;10;42;V;A;;NA;;NA;NA;
cogshall;cly;T;27;38;0;0;;;;14/06/2008;2008;6;24;F;A;;NA;;NA;NA;
cogshall;cly;T;27;38;0;0;;;;19/06/2008;2008;6;25;F;L;;NA;;NA;NA;
cogshall;cly;T;27;39;0;0;0;;;02/07/2008;2008;7;27;FV;A;;NA;;NA;NA;
cogshall;cly;T;27;40;;;;;;23/07/2007;2007;7;30;F;A;;NA;;NA;NA;
cogshall;cly;T;27;40;;;;;;22/10/2007;2007;10;43;FV;L;;NA;;1;NA;
cogshall;cly;T;27;40;;;;;;22/10/2007;2007;10;43;FV;L;;NA;;NA;NA;
cogshall;cly;T;27;40;;;;;;22/10/2007;2007;10;43;FV;L;;NA;;NA;NA;
cogshall;cly;T;27;40;;;;;;22/10/2007;2007;10;43;FV;L;;NA;;NA;NA;
cogshall;cly;T;27;40;1;;;;;03/07/2008;2008;7;27;V;L;;NA;;NA;NA;
cogshall;cly;T;27;40;2;;;;;03/07/2008;2008;7;27;V;L;;NA;;NA;NA;
cogshall;cly;T;27;40;3;;;;;05/07/2008;2008;7;27;V;L;;NA;;NA;NA;
cogshall;cly;T;27;40;4;;;;;05/07/2008;2008;7;27;V;L;;NA;;NA;NA;
cogshall;cly;T;27;41;0;;;;;20/10/2007;2007;10;42;V;A;;NA;;NA;NA;
cogshall;cly;T;27;41;0;0;0;;;17/06/2008;2008;6;25;F;A;;NA;;NA;NA;
cogshall;cly;T;27;42;;;;;;27/07/2007;2007;7;30;F;A;;NA;;NA;NA;
cogshall;cly;T;27;42;1;;;;;21/10/2007;2007;10;43;V;L;;NA;;NA;NA;
cogshall;cly;T;27;42;2;;;;;24/10/2007;2007;10;43;V;L;;NA;;NA;NA;
cogshall;cly;T;27;42;1;0;;;;16/06/2008;2008;6;25;F;A;;NA;;NA;NA;
cogshall;cly;T;27;42;2;0;;;;17/06/2008;2008;6;25;F;A;;NA;;NA;NA;
cogshall;cly;T;27;43;;;;;;19/10/2007;2007;10;42;FV;A;;NA;;NA;NA;
cogshall;cly;T;27;43;;;;;;20/06/2008;2008;6;25;F;L;;NA;;NA;NA;
cogshall;cly;T;27;43;;;;;;20/06/2008;2008;6;25;F;L;;NA;;NA;NA;
cogshall;cly;T;27;43;;;;;;19/06/2008;2008;6;25;F;L;;NA;;NA;NA;
cogshall;cly;T;27;43;;;;;;22/06/2008;2008;6;26;F;L;;NA;;NA;NA;
cogshall;cly;T;27;44;0;0;;;;18/06/2008;2008;6;25;F;A;;NA;;NA;NA;
cogshall;cly;T;27;45;1;;;;;21/10/2007;2007;10;43;V;L;;NA;;NA;NA;
cogshall;cly;T;27;45;1;0;0;;;24/06/2008;2008;6;26;F;A;;NA;;NA;NA;
cogshall;cly;T;27;46;0;;;;;25/08/2007;2007;8;34;V;A;;NA;;NA;NA;
cogshall;cly;T;27;46;1;;;;;22/10/2007;2007;10;43;V;L;;NA;;NA;NA;
cogshall;cly;T;27;46;2;;;;;24/10/2007;2007;10;43;V;L;;NA;;NA;NA;
cogshall;cly;T;27;46;3;;;;;24/10/2007;2007;10;43;V;L;;NA;;NA;NA;
cogshall;cly;T;27;46;1;0;;;;22/06/2008;2008;6;26;F;A;;NA;;NA;NA;
cogshall;cly;T;27;47;;;;;;20/10/2007;2007;10;42;V;A;;NA;;NA;NA;
cogshall;cly;T;27;47;0;0;0;;;17/06/2008;2008;6;25;F;A;;NA;;NA;NA;
cogshall;cly;T;27;48;0;;;;;20/10/2007;2007;10;42;V;A;;NA;;NA;NA;
cogshall;cly;T;27;48;0;0;0;;;13/03/2008;2008;3;11;V;A;;NA;;NA;NA;
cogshall;cly;T;27;48;0;1;0;;;23/06/2008;2008;6;26;F;A;;NA;;NA;NA;
cogshall;cly;T;27;49;;;;;;23/10/2007;2007;10;43;VF;A;;NA;;NA;NA;
cogshall;cly;T;27;49;1;;;;;26/10/2007;2007;10;43;V;L;;NA;;NA;NA;
cogshall;cly;T;27;49;2;;;;;27/10/2007;2007;10;43;V;L;;NA;;NA;NA;
cogshall;cly;T;27;49;0;0;;;;NA;#VALEUR!;#VALEUR!;#VALEUR!;V;NA;;NA;;NA;NA;
cogshall;cly;T;27;49;1;0;;;;25/06/2008;2008;6;26;F;A;;NA;;NA;NA;
cogshall;cly;T;27;50;0;;;;;20/10/2007;2007;10;42;V;A;;NA;;NA;NA;
cogshall;cly;T;27;51;;;;;;20/10/2007;2007;10;42;FV;A;;NA;;NA;NA;
cogshall;cly;T;27;51;1;0;;;;21/06/2008;2008;6;25;F;A;;NA;;NA;NA;
cogshall;cly;T;27;52;;;;;;NA;#VALEUR!;#VALEUR!;#VALEUR!;V;A;;NA;;NA;ND;
cogshall;cly;T;27;52;1;;;;;21/10/2007;2007;10;43;V;L;;NA;;NA;NA;
cogshall;cly;T;27;52;0;;;;;20/06/2008;2008;6;25;F;A;;NA;;NA;NA;
cogshall;cly;T;27;52;0;;;;;19/06/2008;2008;6;25;F;L;;NA;;NA;NA;
cogshall;cly;T;27;53;;;;;;21/07/2007;2007;7;29;F;A;;NA;;NA;NA;
cogshall;cly;T;27;53;1;;;;;21/10/2007;2007;10;43;V;L;;NA;;NA;NA;
cogshall;cly;T;27;53;2;;;;;21/10/2007;2007;10;43;V;L;;NA;;NA;NA;
cogshall;cly;T;27;53;3;;;;;22/10/2007;2007;10;43;V;L;;NA;;NA;NA;
cogshall;cly;T;27;53;1;0;0;;;13/03/2008;2008;3;11;V;L;;NA;;NA;NA;
cogshall;cly;T;27;53;1;0;1;;;13/03/2008;2008;3;11;V;L;;NA;;NA;NA;
cogshall;cly;T;27;53;1;0;2;;;13/03/2008;2008;3;11;V;L;;NA;;NA;NA;
cogshall;cly;T;27;53;2;0;2;;;13/03/2008;2008;3;11;V;L;;NA;;NA;NA;
cogshall;cly;T;27;53;3;0;0;;;13/03/2008;2008;3;11;V;L;;NA;;NA;NA;
cogshall;cly;T;27;53;2;0;0;;;17/06/2008;2008;6;25;F;A;;NA;;NA;NA;
cogshall;cly;T;27;53;2;0;1;;;19/06/2008;2008;6;25;F;A;;NA;;NA;NA;
cogshall;cly;T;27;54;;;;;;16/07/2007;2007;7;29;F;A;;NA;;NA;NA;
cogshall;cly;T;27;54;1;;;;;21/10/2007;2007;10;43;V;L;;NA;;NA;NA;
cogshall;cly;T;27;54;2;;;;;21/10/2007;2007;10;43;V;L;;NA;;NA;NA;
cogshall;cly;T;27;54;3;;;;;21/10/2007;2007;10;43;V;L;;NA;;NA;NA;
cogshall;cly;T;27;54;4;;;;;21/10/2007;2007;10;43;V;L;;NA;;NA;NA;
cogshall;cly;T;27;54;1;0;1;;;13/03/2008;2008;3;11;V;L;;NA;;NA;NA;
cogshall;cly;T;27;54;3;0;0;;;13/03/2008;2008;3;11;V;A;;NA;;NA;NA;
cogshall;cly;T;27;54;3;0;1;;;13/03/2008;2008;3;11;V;L;;NA;;NA;NA;
cogshall;cly;T;27;54;4;0;1;;;13/03/2008;2008;3;11;V;L;;NA;;NA;NA;
cogshall;cly;T;27;54;1;0;0;;;13/06/2008;2008;6;24;F;A;;NA;;NA;NA;
cogshall;cly;T;27;54;2;0;0;;;20/06/2008;2008;6;25;F;A;;NA;;NA;NA;
cogshall;cly;T;27;54;4;0;0;;;24/06/2008;2008;6;26;F;A;;NA;;NA;NA;
cogshall;cly;T;27;55;;;;;;23/06/2008;2008;6;26;F;A;;NA;;NA;NA;
cogshall;cly;T;27;55;;;;;;22/06/2008;2008;6;26;F;A;;NA;;NA;NA;
cogshall;cly;T;27;56;;;;;;21/10/2007;2007;10;43;VF;A;;NA;;NA;NA;
cogshall;cly;T;27;56;1;;;;;25/06/2008;2008;6;26;F;A;;NA;;NA;NA;
cogshall;cly;T;27;56;2;;;;;30/06/2008;2008;6;27;F;A;;NA;;NA;NA;
cogshall;cly;T;27;57;;;;;;16/07/2007;2007;7;29;F;A;;NA;;NA;NA;
cogshall;cly;T;27;57;1;;;;;26/10/2007;2007;10;43;V;L;;NA;;NA;NA;
cogshall;cly;T;27;57;1;0;;;;NA;#VALEUR!;#VALEUR!;#VALEUR!;V;NA;;NA;;NA;NA;
cogshall;cly;T;27;58;;;;;;14/07/2007;2007;7;28;F;A;;NA;;NA;NA;
cogshall;cly;T;27;58;2;;;;;11/10/2007;2007;10;41;V;L;;NA;;NA;NA;
cogshall;cly;T;27;58;1;0;;;;25/06/2008;2008;6;26;F;A;;NA;;NA;NA;
cogshall;cly;T;27;59;0;;;;;11/10/2007;2007;10;41;V;A;;NA;;NA;NA;
cogshall;cly;T;27;60;0;;;;;11/10/2007;2007;10;41;V;A;;NA;;NA;NA;
cogshall;cly;T;16;1;;;;;;07/08/2007;2007;8;32;V;A;;NA;;NA;NA;
cogshall;cly;T;16;1;1;0;;;;21/06/2008;2008;6;25;F;A;;NA;;NA;NA;
cogshall;cly;T;16;1;2;0;;;;21/06/2008;2008;6;25;F;A;;NA;;NA;NA;
cogshall;cly;T;16;1;2;0;;;;23/06/2008;2008;6;26;F;L;;NA;;NA;NA;
cogshall;cly;T;16;1;3;0;;;;21/06/2008;2008;6;25;F;A;;NA;;1;NA;
cogshall;cly;T;16;1;4;0;;;;17/06/2008;2008;6;25;F;A;;NA;;NA;NA;
cogshall;cly;T;16;1;4;0;;;;19/06/2008;2008;6;25;F;L;;NA;;NA;NA;
cogshall;cly;T;16;1;4;0;;;;19/06/2008;2008;6;25;F;L;;NA;;NA;NA;
cogshall;cly;T;16;2;0;0;;;;21/06/2008;2008;6;25;F;A;;NA;;NA;NA;
cogshall;cly;T;16;3;;;;;;26/07/2007;2007;7;30;F;A;;NA;;NA;NA;
cogshall;cly;T;16;3;2;;;;;08/11/2007;2007;11;45;V;L;;NA;;NA;NA;
cogshall;cly;T;16;3;1;0;;;;23/06/2008;2008;6;26;F;A;;NA;;NA;NA;
cogshall;cly;T;16;3;3;0;;;;22/06/2008;2008;6;26;F;A;;NA;;NA;NA;
cogshall;cly;T;16;3;4;0;;;;29/06/2008;2008;6;27;F;A;;NA;;NA;NA;
cogshall;cly;T;16;3;5;0;;;;23/06/2008;2008;6;26;F;A;;NA;;NA;NA;
cogshall;cly;T;16;4;;;;;;26/07/2007;2007;7;30;F;A;;NA;;NA;NA;
cogshall;cly;T;16;7;;;;;;28/07/2007;2007;7;30;V;A;;NA;;NA;NA;
cogshall;cly;T;16;5;;;;;;30/07/2007;2007;7;31;F;A;;NA;;NA;NA;
cogshall;cly;T;16;10;;;;;;NA;#VALEUR!;#VALEUR!;#VALEUR!;V;NA;;NA;;NA;P;
cogshall;cly;T;16;4;1;0;;;;23/06/2008;2008;6;26;F;A;;NA;;NA;NA;
cogshall;cly;T;16;5;1;0;;;;25/06/2008;2008;6;26;F;A;;NA;;NA;NA;
cogshall;cly;T;16;5;1;0;;;;11/07/2008;2008;7;28;F;L;;NA;;NA;NA;
cogshall;cly;T;16;5;1;0;;;;11/07/2008;2008;7;28;F;L;;NA;;NA;NA;
cogshall;cly;T;16;5;2;0;;;;11/07/2008;2008;7;28;F;A;;NA;;NA;NA;
cogshall;cly;T;16;5;2;0;;;;12/07/2008;2008;7;28;F;L;;NA;;NA;NA;
cogshall;cly;T;16;5;2;0;;;;12/07/2008;2008;7;28;F;L;;NA;;NA;NA;
cogshall;cly;T;16;5;2;0;;;;12/07/2008;2008;7;28;F;L;;NA;;NA;NA;
cogshall;cly;T;16;6;2;;;;;27/12/2007;2007;12;52;V;L;;NA;;NA;NA;
cogshall;cly;T;16;6;;;;;;21/06/2008;2008;6;25;F;L;;NA;;NA;NA;
cogshall;cly;T;16;6;1;;;;;22/06/2008;2008;6;26;F;A;;NA;;NA;NA;
cogshall;cly;T;16;7;1;;;;;01/11/2007;2007;11;44;V;L;;NA;;NA;NA;
cogshall;cly;T;16;8;;;;;;NA;#VALEUR!;#VALEUR!;#VALEUR!;V;NA;;NA;;NA;NA;
cogshall;cly;T;16;9;0;;;;;20/06/2008;2008;6;25;F;L;;NA;;NA;NA;
cogshall;cly;T;16;9;0;;;;;20/06/2008;2008;6;25;F;L;;NA;;NA;NA;
cogshall;cly;T;16;9;0;;;;;20/06/2008;2008;6;25;F;L;;NA;;NA;NA;
cogshall;cly;T;16;10;;;;;;NA;#VALEUR!;#VALEUR!;#VALEUR!;V;NA;;NA;;NA;NA;
cogshall;cly;T;16;11;0;0;;;;19/06/2008;2008;6;25;F;A;;NA;;NA;NA;
cogshall;cly;T;16;12;0;;;;;01/11/2007;2007;11;44;V;L;;NA;;NA;NA;
cogshall;cly;T;16;13;0;0;;;;22/06/2008;2008;6;26;F;A;;NA;;NA;NA;
cogshall;cly;T;16;14;0;0;;;;10/06/2008;2008;6;24;F;A;;NA;;NA;NA;
cogshall;cly;T;16;15;0;0;;;;13/06/2008;2008;6;24;F;A;;NA;;NA;NA;
cogshall;cly;T;16;15;0;0;;;;15/06/2008;2008;6;25;F;L;;NA;;NA;NA;
cogshall;cly;T;16;15;0;0;;;;20/06/2008;2008;6;25;F;L;;NA;;NA;NA;
cogshall;cly;T;16;15;1;0;;;;15/06/2008;2008;6;25;F;A;;NA;;1;NA;
cogshall;cly;T;16;15;1;0;;;;20/06/2008;2008;6;25;F;L;;NA;;NA;NA;
cogshall;cly;T;16;15;2;0;;;;15/06/2008;2008;6;25;F;A;;NA;;1;NA;
cogshall;cly;T;16;15;3;0;;;;20/06/2008;2008;6;25;F;A;;NA;;NA;NA;
cogshall;cly;T;16;16;0;0;;;;23/06/2008;2008;6;26;F;A;;NA;;NA;NA;
cogshall;cly;T;16;16;0;0;;;;23/06/2008;2008;6;26;F;L;;NA;;NA;NA;
cogshall;cly;T;16;16;0;0;;;;23/06/2008;2008;6;26;F;L;;NA;;NA;NA;
cogshall;cly;T;16;16;0;0;;;;23/06/2008;2008;6;26;F;L;;NA;;NA;NA;
cogshall;cly;T;16;17;0;;;;;15/06/2008;2008;6;25;F;A;;NA;;NA;NA;
cogshall;cly;T;16;18;0;0;;;;15/06/2008;2008;6;25;F;A;;NA;;1;NA;
cogshall;cly;T;16;18;0;0;;;;17/06/2008;2008;6;25;F;L;;NA;;NA;NA;
cogshall;cly;T;16;18;0;0;;;;17/06/2008;2008;6;25;F;L;;NA;;NA;NA;
cogshall;cly;T;16;18;1;0;;;;15/06/2008;2008;6;25;F;A;;NA;;NA;NA;
cogshall;cly;T;16;19;0;0;;;;16/06/2008;2008;6;25;F;A;;NA;;NA;NA;
cogshall;cly;T;16;19;0;0;;;;17/06/2008;2008;6;25;F;L;;NA;;NA;NA;
cogshall;cly;T;16;19;0;0;;;;16/06/2008;2008;6;25;F;L;;NA;;NA;NA;
cogshall;cly;T;16;19;0;0;;;;16/06/2008;2008;6;25;F;L;;NA;;NA;NA;
cogshall;cly;T;16;19;0;0;;;;17/06/2008;2008;6;25;F;L;;NA;;NA;NA;
cogshall;cly;T;16;20;0;;;;;19/06/2008;2008;6;25;F;A;;NA;;NA;NA;
cogshall;cly;T;16;21;0;0;;;;21/06/2008;2008;6;25;F;A;;NA;;NA;NA;
cogshall;cly;T;16;22;2;0;;;;01/11/2007;2007;11;44;V;A;;NA;;NA;NA;
cogshall;cly;T;16;22;3;0;;;;27/12/2007;2007;12;52;V;A;;NA;;NA;NA;
cogshall;cly;T;16;22;1;0;0;;;18/06/2008;2008;6;25;F;A;;NA;;NA;NA;
cogshall;cly;T;16;22;1;0;0;;;21/06/2008;2008;6;25;F;L;;NA;;NA;NA;
cogshall;cly;T;16;24;0;;;;;08/11/2007;2007;11;45;V;L;;NA;;NA;NA;
cogshall;cly;T;16;25;;;;;;31/07/2007;2007;7;31;F;A;;NA;;NA;NA;
cogshall;cly;T;16;25;1;;;;;08/11/2007;2007;11;45;V;L;;NA;;NA;NA;
cogshall;cly;T;16;25;2;;;;;08/11/2007;2007;11;45;V;L;;NA;;NA;NA;
cogshall;cly;T;16;26;;;;;;NA;#VALEUR!;#VALEUR!;#VALEUR!;V;NA;;NA;;NA;NA;
cogshall;cly;T;16;27;;;;;;22/07/2007;2007;7;30;F;A;;NA;;NA;NA;
cogshall;cly;T;16;27;1;;;;;18/06/2008;2008;6;25;F;A;;NA;;NA;NA;
cogshall;cly;T;16;27;2;0;;;;10/06/2008;2008;6;24;F;A;;NA;;1;NA;
cogshall;cly;T;16;27;3;0;;;;12/06/2008;2008;6;24;F;A;;NA;;NA;NA;
cogshall;cly;T;16;27;4;;;;;15/06/2008;2008;6;25;F;A;;NA;;NA;NA;
cogshall;cly;T;16;27;5;;;;;18/06/2008;2008;6;25;F;A;;NA;;NA;NA;
cogshall;cly;T;16;28;;;;;;30/07/2007;2007;7;31;F;A;;NA;;NA;NA;
cogshall;cly;T;16;28;4;;;;;08/11/2007;2007;11;45;V;L;;NA;;NA;NA;
cogshall;cly;T;16;28;1;0;;;;16/06/2008;2008;6;25;F;A;;NA;;NA;NA;
cogshall;cly;T;16;28;2;0;;;;13/06/2008;2008;6;24;F;A;;NA;;1;NA;
cogshall;cly;T;16;28;3;0;;;;18/06/2008;2008;6;25;F;A;;NA;;NA;NA;
cogshall;cly;T;16;28;5;0;;;;14/06/2008;2008;6;24;F;A;;NA;;NA;NA;
cogshall;cly;T;16;28;5;0;;;;15/06/2008;2008;6;25;F;L;;NA;;NA;NA;
cogshall;cly;T;16;28;5;0;;;;14/06/2008;2008;6;24;F;L;;NA;;NA;NA;
cogshall;cly;T;16;29;;;;;;23/07/2007;2007;7;30;F;A;;NA;;NA;NA;
cogshall;cly;T;16;29;1;;;;;08/11/2007;2007;11;45;V;L;;NA;;NA;NA;
cogshall;cly;T;16;29;2;1;;;;13/06/2008;2008;6;24;F;A;;NA;;NA;NA;
cogshall;cly;T;16;29;3;0;;;;12/06/2008;2008;6;24;F;A;;NA;;1;NA;
cogshall;cly;T;16;29;4;0;;;;21/06/2008;2008;6;25;F;A;;NA;;NA;NA;
cogshall;cly;T;16;29;4;0;;;;13/06/2008;2008;6;24;F;L;;NA;;NA;NA;
cogshall;cly;T;16;29;4;0;;;;14/06/2008;2008;6;24;F;L;;NA;;NA;NA;
cogshall;cly;T;16;30;;;;;;26/07/2007;2007;7;30;F;A;;NA;;NA;NA;
cogshall;cly;T;16;30;2;;;;;08/11/2007;2007;11;45;V;L;;NA;;NA;NA;
cogshall;cly;T;16;30;4;;;;;08/11/2007;2007;11;45;V;L;;NA;;NA;NA;
cogshall;cly;T;16;30;1;0;;;;16/06/2008;2008;6;25;F;A;;NA;;NA;NA;
cogshall;cly;T;16;30;3;0;;;;16/06/2008;2008;6;25;F;A;;NA;;1;NA;
cogshall;cly;T;16;31;;;;;;27/07/2007;2007;7;30;F;A;;NA;;NA;NA;
cogshall;cly;T;16;31;1;;;;;08/11/2007;2007;11;45;V;L;;NA;;NA;NA;
cogshall;cly;T;16;31;2;;;;;08/11/2007;2007;11;45;V;L;;NA;;NA;NA;
cogshall;cly;T;16;31;3;;;;;08/11/2007;2007;11;45;V;L;;NA;;NA;NA;
cogshall;cly;T;16;32;;;;;;25/07/2007;2007;7;30;F;A;;NA;;NA;NA;
cogshall;cly;T;16;32;1;0;;;;16/06/2008;2008;6;25;F;A;;NA;;NA;NA;
cogshall;cly;T;16;32;2;0;;;;16/06/2008;2008;6;25;F;A;;NA;;NA;NA;
cogshall;cly;T;16;32;3;0;;;;15/06/2008;2008;6;25;F;A;;NA;;NA;NA;
cogshall;cly;T;16;32;4;1;;;;16/06/2008;2008;6;25;F;A;;NA;;NA;NA;
cogshall;cly;T;16;33;;;;;;29/07/2007;2007;7;31;F;A;;NA;;NA;NA;
cogshall;cly;T;16;33;1;0;;;;14/06/2008;2008;6;24;F;A;;NA;;NA;NA;
cogshall;cly;T;16;33;2;0;;;;16/06/2008;2008;6;25;F;A;;NA;;NA;NA;
cogshall;cly;T;16;33;3;0;;;;13/06/2008;2008;6;24;F;A;;NA;;1;NA;
cogshall;cly;T;16;33;4;0;;;;18/06/2008;2008;6;25;F;A;;NA;;NA;NA;
cogshall;cly;T;16;34;0;0;;;;15/06/2008;2008;6;25;F;A;;NA;;1;NA;
cogshall;cly;T;16;34;0;0;;;;15/06/2008;2008;6;25;F;L;;NA;;NA;NA;
cogshall;cly;T;16;35;0;0;;;;14/06/2008;2008;6;24;F;A;;NA;;NA;NA;
cogshall;cly;T;16;35;0;0;;;;16/06/2008;2008;6;25;F;L;;NA;;NA;NA;
cogshall;cly;T;16;35;0;0;;;;16/06/2008;2008;6;25;F;L;;NA;;NA;NA;
cogshall;cly;T;16;35;0;0;;;;19/06/2008;2008;6;25;F;L;;NA;;NA;NA;
cogshall;cly;T;16;36;;;;;;NA;#VALEUR!;#VALEUR!;#VALEUR!;V;NA;;NA;;NA;S;
cogshall;cly;T;16;37;;;;;;01/08/2007;2007;8;31;F;A;;NA;;NA;NA;
cogshall;cly;T;16;37;1;0;;;;15/06/2008;2008;6;25;F;A;;NA;;NA;NA;
cogshall;cly;T;16;38;4;;;;;08/11/2007;2007;11;45;V;L;;NA;;NA;NA;
cogshall;cly;T;16;38;1;0;;;;16/06/2008;2008;6;25;F;A;;NA;;1;NA;
cogshall;cly;T;16;38;2;0;;;;16/06/2008;2008;6;25;F;A;;NA;;NA;NA;
cogshall;cly;T;16;38;3;0;;;;15/06/2008;2008;6;25;F;A;;NA;;NA;NA;
cogshall;cly;T;16;39;;;;;;27/07/2007;2007;7;30;V;A;;NA;;NA;NA;
cogshall;cly;T;16;39;1;;;;;01/11/2007;2007;11;44;V;L;;NA;;NA;NA;
cogshall;cly;T;16;39;3;;;;;15/11/2007;2007;11;46;V;L;;NA;;NA;NA;
cogshall;cly;T;16;39;2;0;;;;22/06/2008;2008;6;26;F;A;;NA;;NA;NA;
cogshall;cly;T;16;40;0;0;;;;27/12/2007;2007;12;52;V;L;;NA;;NA;NA;
cogshall;cly;T;16;41;0;;;;;01/11/2007;2007;11;44;V;L;;NA;;NA;NA;
cogshall;cly;T;16;41;1;0;;;;27/12/2007;2007;12;52;V;L;;NA;;NA;NA;
cogshall;cly;T;16;42;;;;;;26/07/2007;2007;7;30;F;A;;NA;;NA;NA;
cogshall;cly;T;16;42;;;;;;01/10/2007;2007;10;40;F;L;;NA;;NA;NA;
cogshall;cly;T;16;42;1;;;;;15/07/2008;2008;7;29;V;L;;NA;;NA;NA;
cogshall;cly;T;16;42;2;;;;;15/07/2008;2008;7;29;V;L;;NA;;NA;NA;
cogshall;cly;T;16;42;3;;;;;15/07/2008;2008;7;29;V;L;;NA;;NA;NA;
cogshall;cly;T;16;42;4;;;;;15/07/2008;2008;7;29;V;L;;NA;;NA;NA;
cogshall;cly;T;16;42;5;;;;;15/07/2008;2008;7;29;V;L;;NA;;NA;NA;
cogshall;cly;T;16;43;;;;;;30/07/2007;2007;7;31;F;A;;NA;;NA;NA;
cogshall;cly;T;16;43;;;;;;23/06/2008;2008;6;26;F;L;;NA;;NA;NA;
cogshall;cly;T;16;43;;;;;;18/06/2008;2008;6;25;F;L;;NA;;NA;NA;
cogshall;cly;T;16;44;0;0;;;;27/12/2007;2007;12;52;V;L;;NA;;NA;NA;
cogshall;cly;T;16;45;1;0;;;;27/12/2007;2007;12;52;V;L;;NA;;NA;NA;
cogshall;cly;T;16;46;0;;;;;24/06/2008;2008;6;26;F;A;;NA;;NA;NA;
cogshall;cly;T;16;47;;;;;;NA;#VALEUR!;#VALEUR!;#VALEUR!;V;NA;;NA;;NA;S;
cogshall;cly;T;16;48;;;;;;07/08/2007;2007;8;32;F;A;;NA;;NA;NA;
cogshall;cly;T;16;49;1;0;;;;27/12/2007;2007;12;52;V;L;;NA;;NA;NA;
cogshall;cly;T;16;49;4;0;;;;27/12/2007;2007;12;52;V;L;;NA;;NA;NA;
cogshall;cly;T;16;49;2;0;;;;23/06/2008;2008;6;26;F;L;;NA;;NA;NA;
cogshall;cly;T;16;49;2;0;;;;25/06/2008;2008;6;26;F;L;;NA;;NA;NA;
cogshall;cly;T;16;49;2;0;;;;25/06/2008;2008;6;26;F;L;;NA;;NA;NA;
cogshall;cly;T;16;49;3;0;;;;16/06/2008;2008;6;25;F;A;;NA;;NA;NA;
cogshall;cly;T;16;49;3;0;;;;18/06/2008;2008;6;25;F;L;;NA;;NA;NA;
cogshall;cly;T;16;50;0;0;;;;27/12/2007;2007;12;52;V;L;;NA;;NA;NA;
cogshall;cly;T;16;51;;;;;;26/07/2007;2007;7;30;F;A;;NA;;NA;NA;
cogshall;cly;T;16;51;;;;;;24/09/2007;2007;9;39;F;L;;NA;;3;NA;
cogshall;cly;T;16;51;;;;;;27/09/2007;2007;9;39;F;L;;NA;;2;NA;
cogshall;cly;T;16;51;;;;;;29/09/2007;2007;9;39;F;L;;NA;;NA;NA;
cogshall;cly;T;16;51;1;;;;;25/07/2008;2008;7;30;V;L;;NA;;NA;NA;
cogshall;cly;T;16;52;;;;;;26/07/2007;2007;7;30;F;A;;NA;;NA;NA;
cogshall;cly;T;16;52;;;;;;20/09/2007;2007;9;38;F;L;;NA;;1;NA;
cogshall;cly;T;16;52;;;;;;20/09/2007;2007;9;38;F;L;;NA;;NA;NA;
cogshall;cly;T;16;52;1;;;;;25/07/2008;2008;7;30;V;L;;NA;;NA;NA;
cogshall;cly;T;16;53;;;;;;28/07/2007;2007;7;30;F;A;;NA;;NA;NA;
cogshall;cly;T;16;53;3;;;;;01/11/2007;2007;11;44;V;L;;NA;;NA;NA;
cogshall;cly;T;16;53;1;0;;;;11/07/2008;2008;7;28;F;A;;NA;;NA;NA;
cogshall;cly;T;16;53;1;0;;;;10/07/2008;2008;7;28;F;L;;NA;;NA;NA;
cogshall;cly;T;16;53;2;0;;;;11/07/2008;2008;7;28;F;A;;NA;;NA;NA;
cogshall;cly;T;16;53;2;0;;;;11/07/2008;2008;7;28;F;L;;NA;;NA;NA;
cogshall;cly;T;16;53;2;0;;;;11/07/2008;2008;7;28;F;L;;NA;;NA;NA;
cogshall;cly;T;16;54;;;;;;27/07/2007;2007;7;30;F;A;;NA;;NA;NA;
cogshall;cly;T;16;54;2;0;;;;27/12/2007;2007;12;52;V;A;;NA;;NA;NA;
cogshall;cly;T;16;54;3;0;;;;27/12/2007;2007;12;52;V;A;;NA;;NA;NA;
cogshall;cly;T;16;54;1;0;;;;27/07/2008;2008;7;31;V;A;;NA;;NA;NA;
cogshall;cly;T;16;55;;;;;;28/07/2007;2007;7;30;F;A;;NA;;NA;NA;
cogshall;cly;T;16;55;1;0;;;;07/07/2008;2008;7;28;F;A;;NA;;NA;NA;
cogshall;cly;T;16;55;2;0;;;;17/07/2008;2008;7;29;F;A;;NA;;NA;NA;
cogshall;cly;T;16;55;3;0;;;;21/07/2008;2008;7;30;F;A;;NA;;NA;NA;
cogshall;cly;T;16;55;4;0;;;;04/07/2008;2008;7;27;F;A;;NA;;NA;NA;
cogshall;cly;T;16;55;4;0;;;;04/07/2008;2008;7;27;F;L;;NA;;NA;NA;
cogshall;cly;T;16;56;1;;;;;01/11/2007;2007;11;44;V;L;;NA;;NA;NA;
cogshall;cly;T;16;56;2;;;;;01/11/2007;2007;11;44;V;L;;NA;;NA;NA;
cogshall;cly;T;16;56;3;;;;;15/11/2007;2007;11;46;V;L;;NA;;NA;NA;
cogshall;cly;T;16;56;2;;;;;23/06/2008;2008;6;26;F;A;;NA;;NA;NA;
cogshall;cly;T;16;57;;;;;;29/07/2007;2007;7;31;V;L;;NA;;NA;NA;
cogshall;cly;T;16;57;;;;;;30/07/2007;2007;7;31;V;L;;NA;;NA;NA;
cogshall;cly;T;16;57;1;1;;;;01/11/2007;2007;11;44;V;L;;NA;;NA;NA;
cogshall;cly;T;16;57;2;;;;;28/07/2007;2007;7;30;V;L;;NA;;NA;NA;
cogshall;cly;T;16;58;;;;;;30/07/2007;2007;7;31;F;A;;NA;;NA;NA;
cogshall;cly;T;16;58;1;0;;;;02/07/2008;2008;7;27;F;A;;NA;;NA;NA;
cogshall;cly;T;16;58;1;0;;;;03/07/2008;2008;7;27;F;L;;NA;;NA;NA;
cogshall;cly;T;16;58;2;0;;;;25/07/2008;2008;7;30;F;A;;NA;;NA;NA;
cogshall;cly;T;16;58;2;0;;;;28/07/2008;2008;7;31;F;L;;NA;;NA;NA;
cogshall;cly;T;16;58;2;0;;;;28/07/2008;2008;7;31;F;L;;NA;;NA;NA;
cogshall;cly;T;16;58;2;0;;;;23/06/2008;2008;6;26;F;L;;NA;;NA;NA;
cogshall;cly;T;16;58;3;0;;;;30/07/2008;2008;7;31;F;A;;NA;;NA;NA;
cogshall;cly;T;16;58;3;0;;;;30/07/2008;2008;7;31;F;L;;NA;;NA;NA;
cogshall;cly;T;16;59;1;;;;;01/11/2007;2007;11;44;V;L;;NA;;NA;NA;
cogshall;cly;T;16;59;2;;;;;23/06/2008;2008;6;26;F;A;;NA;;NA;NA;
cogshall;cly;T;16;60;;;;;;29/07/2007;2007;7;31;V;L;;NA;;NA;NA;
cogshall;cly;T;16;60;1;;;;;08/11/2007;2007;11;45;V;L;;NA;;NA;NA;
cogshall;cly;T;16;60;2;;;;;08/11/2007;2007;11;45;V;L;;NA;;NA;NA;
cogshall;cly;T;7;26;0;1;0;;;15/10/2008;2008;10;42;V;L;;NA;;NA;NA;
cogshall;cly;T;7;39;;;;;;10/10/2008;2008;10;41;V;L;;NA;;NA;NA;
cogshall;cly;T;7;45;;;;;;04/10/2008;2008;10;40;V;L;;NA;;NA;NA;
cogshall;cly;T;7;42;;;;;;04/10/2008;2008;10;40;V;L;;NA;;NA;NA;
cogshall;cly;T;7;42;;;;;;04/10/2008;2008;10;40;V;L;;NA;;NA;NA;
cogshall;cly;T;7;28;3;0;;;;15/06/2008;2008;6;25;F;A;;NA;;NA;NA;
cogshall;cly;T;7;44;0;1;;;;15/06/2008;2008;6;25;F;A;;NA;;NA;NA;
cogshall;cly;T;7;56;0;1;0;;;12/10/2008;2008;10;42;F;L;;NA;;NA;NA;
cogshall;cly;T;7;56;0;1;0;;;12/10/2008;2008;10;42;V;L;;NA;;NA;NA;
cogshall;cly;T;7;56;0;1;0;;;12/10/2008;2008;10;42;V;L;;NA;;NA;NA;
cogshall;cly;T;7;21;1;0;;;;15/06/2008;2008;6;25;F;A;;NA;;NA;NA;
cogshall;cly;T;7;21;1;0;;;;15/06/2008;2008;6;25;F;L;;NA;;1;NA;
cogshall;cly;T;7;21;1;0;;;;15/06/2008;2008;6;25;F;L;;NA;;NA;NA;
cogshall;cly;T;7;21;1;0;;;;15/06/2008;2008;6;25;F;L;;NA;;NA;NA;
cogshall;cly;T;7;21;1;1;;;;15/06/2008;2008;6;25;F;A;;NA;;NA;NA;
cogshall;cly;T;20;23;2;0;;;;06/11/2008;2008;11;45;V;L;;NA;;NA;NA;
cogshall;cly;T;20;23;2;0;;;;06/11/2008;2008;11;45;V;L;;NA;;NA;NA;
cogshall;cly;T;20;36;1;0;;;;08/11/2008;2008;11;45;V;L;;NA;;NA;NA;
cogshall;cly;T;20;36;1;0;;;;08/11/2008;2008;11;45;V;L;;NA;;NA;NA;
cogshall;cly;T;20;18;;;;;;02/11/2008;2008;11;45;V;L;;NA;;NA;NA;
